{"pb-IF4XUngOCA==": 20, "pb-IF4SVFFaKg==": 10, "pb-IF4IV0kBEw==": 90, "pb-IF4iV1MEFA==": 120, "pb-IF4uVUMDBA==": 10, "pb-IF4zVUopDQ==": 10, "pb-ND0oSxNTUBZGClZEDU8EVgNfEUEKQEwRAVAQRgFDFVwLSRZAAlABQQ==": 110, "pb-IF4SUmUtHA==": 10, "pb-IF4iVGo7AQ==": 60, "pb-IF4JVHEPKQ==": 20, "pb-IF4UVHIRMg==": 10, "pb-IF4MDWsR": 10, "pb-IF4rUmMBIA==": 10, "pb-IF5XV0tePQ==": 10, "pb-IF4MVRIGXA==": 20, "pb-IF4MVEs4CQ==": 60, "pb-IF4VUhc8HQ==": 30, "pb-IF4KVFcoNg==": 10, "pb-IF4KVWkkEA==": 30, "pb-IF4jVHIMDA==": 10, "pb-IF4-I2wq": 10, "pb-JiNJARBeV0ZJW11BF0JYXF1FGEdeQlZF": 20, "pb-IF5TVHEJCA==": 65, "pb-IF4vVGQ4Uw==": 110, "pb-JiNJARFaXUVIVVlHEkZQXFdDFkNYQVNL": 80, "pb-JiNJARBaXEVHVFxDFUVSXVxCEUdXQFlK": 10, "pb-IF4RV1ouCA==": 10, "pb-IF5UVBMvJA==": 140, "pb-IF4lVGpcFg==": 20, "pb-IF4TVGk6VA==": 10, "pb-IF5SVHgyDw==": 10, "pb-IF40FGIn": 20, "pb-IF4rVHISJA==": 10, "pb-IF4RVGsxPA==": 190, "pb-IF4NVBY_KA==": 50, "pb-IF4eFlUR": 10, "pb-IF4BV3YtNA==": 60, "pb-IF4WVG0kLg==": 30, "pb-IF4rVGccFA==": 220, "pb-IF4SVU4fUA==": 30, "pb-LV4FVBhbVkQRWQ5ARBdQAFRKFQ==": 280, "pb-IF4CV0UeFg==": 30, "pb-IF49UhVbKA==": 90, "pb-IF48VWsqPQ==": 50, "pb-JiNJARFZUEpCXF1BEE9WXVJAE0JbQlZE": 50, "pb-IF4QVUseCA==": 40, "pb-IF48AWkB": 60, "pb-IF4pIWYI": 10, "pb-IF4WUnkOHw==": 70, "pb-IF4VV1QaEw==": 50, "pb-IF4oKUsg": 110, "pb-IF4XVRI_LQ==": 20, "pb-IF4vVXZYKg==": 60, "pb-IF4FVG8MMA==": 10, "pb-IF4uVGUYVQ==": 50, "pb-IF4NV1k9Kg==": 190, "pb-IF4qNWI=": 650, "pb-IF4LVVNZEQ==": 20, "pb-IF4OV3MkHw==": 20, "pb-IF4gVG8bHw==": 10, "pb-IF4xVBcjFw==": 40, "pb-IF4xV2QhHw==": 80, "pb-IF4FUhYHNw==": 30, "pb-IF4dUnYIXA==": 10, "pb-IF4rVG8yFg==": 10, "pb-IF4pV0QpAA==": 10, "pb-IF4vVGxYDQ==": 60, "pb-IF4WVBURKQ==": 10, "pb-IF4zVRQ4Vw==": 10, "pb-IF5VV3pcMg==": 10, "pb-IF4hV1opEw==": 10, "pb-IF4UL24D": 20, "pb-IF42V1keHQ==": 30, "pb-IF4QVFQMJg==": 20, "pb-IF4CVG89EA==": 30, "pb-IF4yV08ZXA==": 0, "pb-IF42M0oM": 30, "pb-JiNJARFfXUFAXl5IGEJWXVxDGUheR1lF": 1080, "pb-IF5XVVgPBg==": 50, "pb-IF4PVXYeBg==": 20, "pb-IF4zV2JdMw==": 10, "pb-JiNJARBcUkRIX1xAEE5TVFJHFUdWRllC": 60, "pb-IF4oDmUF": 20, "pb-IF4yVBYsNA==": 50, "pb-IF4AVGwOEw==": 30, "pb-IF4zIWYo": 20, "pb-JiNJARFaXUpDVF1FE0BVUVRGGUlcQVdL": 50, "pb-IF4LUnk9KA==": 10, "pb-IF4jUmIeAg==": 20, "pb-IF4AV0seNQ==": 340, "pb-IF4OVBkKNA==": 40, "pb-JiNJARBaXUdGXFZBGEBSUV1AFEldRVZH": 10, "pb-IF4CVXMZCQ==": 10, "pb-IF4IVXUfFg==": 90, "pb-IF4NMXMq": 150, "pb-IF4MVBQANg==": 10, "pb-IF43DGQ6": 100, "pb-IF4JUnoFLQ==": 30, "pb-IF4vV0cGAw==": 60, "pb-IF4PVHI8Mw==": 20, "pb-IF4XV3JaUw==": 10, "pb-JiNJARFeVEBFWllCGU5TUFdHEkBaRVBH": 10, "pb-IF42M2QE": 20, "pb-IF42VG8OMg==": 10, "pb-IF4cVG1SCg==": 20, "pb-IF4zUkEfFQ==": 20, "pb-IF4BVGEhVQ==": 80, "pb-IF5XVGYGPQ==": 30, "pb-IF48VGUvKA==": 10, "pb-IF4HUmEaLA==": 50, "pb-IF4jVGcuEA==": 40, "pb-IF4oV2M-Lg==": 10, "pb-IF4oV1hYMQ==": 0, "pb-IF4WV2cpMw==": 20, "pb-IF4HM0Fb": 30, "pb-IF4xVUg4FA==": 100, "pb-IF4BUhA7Jg==": 20, "pb-IF4nUmMxJg==": 10, "pb-IF4SVBMnNA==": 270, "pb-IF4XUnUtAQ==": 10, "pb-IF4oVHIjFA==": 20, "pb-IF4VVFpSIA==": 10, "pb-IF4nVGkcLg==": 50, "pb-IF4hUmQdFQ==": 10, "pb-IF4hV0tZMA==": 50, "pb-IF4WVWgfEg==": 10, "pb-JiNJARBZVEtFXV1FE0FRUl1FE0NaT1dK": 10, "pb-IF42UhcZPw==": 240, "pb-IF41VBguUg==": 10, "pb-IF5TVHJeEw==": 20, "pb-IF5QV1ERLg==": 10, "pb-IF4uV0YzDg==": 40, "pb-IF5TVGkAKA==": 30, "pb-IF4PVGNbEQ==": 40, "pb-IF42EVBb": 10, "pb-IF4WUnUcUA==": 20, "pb-IF5UVUk6Nw==": 50, "pb-IF4jAWcz": 10, "pb-IF4sV0MSMQ==": 40, "pb-JiNJARBbXEtCWV1BGU5RUVNLF0FcRVFC": 50, "pb-IF4LVGkqUA==": 260, "pb-IF4IKmk_": 10, "pb-LV4FAxQKB0dAWF1CExVYAAFKFA==": 110, "pb-IF4JVGg_Iw==": 30, "pb-IF4-ERES": 410, "pb-IF5WV0ldCA==": 60, "pb-IF5cV1QgIA==": 10, "pb-IF4TV28gHw==": 10, "pb-IF4yVUgtDA==": 10, "pb-IF4lVEU7UQ==": 10, "pb-IF4dVVQyJA==": 10, "pb-IF4KVHotKw==": 10, "pb-IF49UmkZ": 10, "pb-IF4eXnIg": 10, "pb-IF4eVG4qNg==": 10, "pb-IF4rVUk9MA==": 50, "pb-IF4qUhMiBg==": 60, "pb-IF4BUnkYUA==": 60, "pb-IF4HVBkzDw==": 20, "pb-IF4KEUsq": 10, "pb-JiNJARFcUEJDW1xHFkVVU1ZKFElfRlVE": 80, "pb-JiNJARBTXEJEXV9BGENRXFVGGUNfQ1FA": 70, "pb-IF4XV1AaKw==": 10, "pb-IF4DV3QiCg==": 10, "pb-IF4JV0YlJw==": 10, "pb-IF5XUnEpXQ==": 50, "pb-IF5WVGonXQ==": 10, "pb-JiNJARBdVkpGXlpCGEJUXVBDGEVeRVdH": 10, "pb-IF4xV21dCg==": 150, "pb-IF4UVGoiEw==": 10, "pb-IF4GV2U4FA==": 25, "pb-IF4lUmwkCg==": 60, "pb-IF4jV0dTPQ==": 20, "pb-IF5TV1AjEQ==": 60, "pb-LV4FUWRSIzdBVF9BETMlICREZA==": 400, "pb-IF4PVWojNA==": 80, "pb-IF43VBAHCA==": 0, "pb-IF4GVGM7PQ==": 35, "pb-IF42VxYuUQ==": 10, "pb-IF48Ung4Hw==": 20, "pb-IF4-VBclVA==": 40, "pb-JiNJARFfUkBGWFdFEE9TXFNAEUdfRlZC": 40, "pb-IF4rV2goAw==": 275, "pb-IF4xVGM4Ng==": 10, "pb-IF5SVUsyEg==": 10, "pb-IF5dVEMmDw==": 20, "pb-IF4BUhcxUw==": 7, "pb-JiNJARFZVUpBWVhHEkRUV1BFGUVaRlBC": 160, "pb-IF4wVWk7UQ==": 10, "pb-IF4OV1IbIw==": 10, "pb-IF4uB1oK": 70, "pb-IF4MVBk6BA==": 20, "pb-IF4pVGlZEg==": 10, "pb-IF4TVGclXA==": 30, "pb-IF4vV3YsVA==": 50, "pb-IF48VGsyAA==": 10, "pb-IF4-VFcSVg==": 10, "pb-IF5UEEMA": 10, "pb-IF4hVUcKFQ==": 50, "pb-IF4tIFcD": 130, "pb-IF4TUnYCAw==": 30, "pb-IF4oVXMyFA==": 10, "pb-IF4gVVYEIA==": 20, "pb-IF4qVBQgEg==": 140, "pb-IF4-V2o_Iw==": 30, "pb-IF4cV3AgPQ==": 10, "pb-IF4tVHEuPA==": 20, "pb-IF4pVWsGCA==": 20, "pb-IF5SHBUm": 10, "pb-IF4cVHEeAQ==": 30, "pb-IF5UUmMnNw==": 10, "pb-IF41UhQ6Pw==": 120, "pb-IF5VV04AAQ==": 10, "pb-IF4AVBQvHA==": 10, "pb-IF4hVBMAVw==": 20, "pb-IF4AUmwzPQ==": 10, "pb-IF5WV1ZcIQ==": 20, "pb-IF4BUmMAVg==": 30, "pb-IF4QVWkzKw==": 30, "pb-IF4AVVcDCw==": 40, "pb-IF5cV0EaFA==": 10, "pb-IF4yVEVcCw==": 20, "pb-IF4gVWcBKg==": 20, "pb-IF4uV0s7Aw==": 70, "pb-IF4hVVcZJg==": 20, "pb-IF4CVHU-Nw==": 10, "pb-IF4UUkEZEA==": 10, "pb-IF4hUnQPAQ==": 20, "pb-IF4SL1MH": 20, "pb-IF4cVxdTHw==": 60, "pb-JiNJARFeVkZDVFhEGENTVVdCEEhbRFRK": 80, "pb-JiNJVxBdXEBDVVhEFkdSXFZBEkJaT1RL": 30, "pb-IF4sVxJfAg==": 30, "pb-IF4PV24yPA==": 80, "pb-IF4pV1QRBg==": 50, "pb-IF4tV1QiUg==": 80, "pb-IF4yV04-Uw==": 140, "pb-IF4qVVVfAA==": 50, "pb-IF4-VRM7LQ==": 20, "pb-IF4HVWJTNg==": 10, "pb-IF4JVHIkLQ==": 10, "pb-IF42Unc-Dw==": 10, "pb-IF4OVRFSVg==": 30, "pb-IF4KV1RaLQ==": 99, "pb-JiNJARBcVEBGVFZCEENYU1JFGEJeQlNC": 10, "pb-IF4OUmwaHQ==": 10, "pb-IF5QUkEvFg==": 10, "pb-IF4wVUUlJw==": 10, "pb-IF4sVGNeDg==": 10, "pb-IF43UnQgNg==": 10, "pb-IF4gVBJcNg==": 120, "pb-IF4hVGkEKA==": 10, "pb-IF4FVGE6AQ==": 20, "pb-IF4tV2M7VA==": 10, "pb-IF4jVXM5DA==": 30, "pb-IF40VGkyUg==": 10, "pb-IF4HVE9eBw==": 10, "pb-IF4uV0Y7Bg==": 10, "pb-IF4GUnoxKg==": 10, "pb-IF4tVEZTIw==": 10, "pb-IF4iVW8zXA==": 50, "pb-IF4TUnIBJA==": 20, "pb-IF4wVWcgNg==": 20, "pb-IF4wUhE6CA==": 10, "pb-IF4cUm4_Jg==": 10, "pb-IF4PVWIHJA==": 140, "pb-IF4jVGQaLw==": 700, "pb-IF4WVXQhPA==": 15, "pb-IF4FV08dAg==": 30, "pb-JiNJVxFZVkpHVVlGFkZVU11BFERdQ1ND": 10, "pb-IF4MJxUc": 30, "pb-IF4PVW8PDA==": 10, "pb-IF4mVGksNw==": 100, "pb-IF4DV2EHVg==": 80, "pb-IF5TUkFdIg==": 10, "pb-IF4rUm1bFw==": 10, "pb-IF4WV2EnCQ==": 30, "pb-JiNJARBaXEtJW1xJFkFQXVdDE0JaQlRG": 180, "pb-IF4NV2MSCw==": 60, "pb-IF4dA24I": 10, "pb-IF4QVBUGEg==": 300, "pb-IF4uVGg8Ug==": 20, "pb-IF41VFkvBA==": 20, "pb-IF4uUhcZEQ==": 10, "pb-IF4mV1RZVg==": 10, "pb-IF4MVG4OHQ==": 10, "pb-IF43V0UeUQ==": 20, "pb-IF4pVBcKKg==": 10, "pb-IF5RVGsdCw==": 20, "pb-IF4CVG0jJw==": 20, "pb-IF4GVXckUg==": 10, "pb-IF4eVGszNQ==": 20, "pb-IF4GVWkREA==": 10, "pb-IF4eV2k7Jg==": 138, "pb-IF4KVG0cXA==": 10, "pb-IF4jVWInNQ==": 30, "pb-IF4qVHlSJw==": 20, "pb-IF5UUnc7Vw==": 30, "pb-IF4tV1o-IQ==": 40, "pb-IF4sUnYxMw==": 10, "pb-IF5RVGESEw==": 50, "pb-IF4vVUYpEg==": 60, "pb-IF4RVElSKA==": 20, "pb-IF4NV3I6JA==": 70, "pb-IF5RKEUR": 10, "pb-IF4SVBAKLA==": 10, "pb-IF4UCHUi": 50, "pb-IF4gVFRfHw==": 0, "pb-IF4IUmssNQ==": 30, "pb-IF4jUhEhDw==": 50, "pb-JiNJARBbVkBBW1tCFUZXU1VFFUJfTllC": 70}