{"pb-IF4WUncTKw==": {"deaths": "0", "games": "1", "kills": "0", "rank": "736", "scores": "1"}, "pb-IF4lVUkDVQ==": {"deaths": "0", "games": "1", "kills": "0", "rank": "480", "scores": "80"}, "pb-IF4KUnA9CQ==": {"deaths": "0", "games": "2", "kills": "0", "rank": "671", "scores": "2"}, "pb-IF4iV1MEFA==": {"deaths": "71", "games": "34", "kills": "43", "rank": "22", "scores": "2219"}, "pb-IF4BV2ojNw==": {"deaths": "0", "games": "1", "kills": "0", "rank": "813", "scores": "0"}, "pb-IF4qV20zFg==": {"deaths": "4", "games": "8", "kills": "5", "rank": "484", "scores": "77"}, "pb-IF4oVHAJHw==": {"deaths": "28", "games": "10", "kills": "7", "rank": "64", "scores": "881"}, "pb-IF4iVGo7AQ==": {"deaths": "39", "games": "21", "kills": "15", "rank": "52", "scores": "997"}, "pb-IF4JVHEPKQ==": {"deaths": "3", "games": "2", "kills": "1", "rank": "550", "scores": "48"}, "pb-IF4-VHI8UQ==": {"deaths": "0", "games": "1", "kills": "0", "rank": "780", "scores": "0"}, "pb-IF5VUnUJXQ==": {"deaths": "0", "games": "2", "kills": "0", "rank": "703", "scores": "2"}, "pb-IF4-V2o_Iw==": {"deaths": "17", "games": "7", "kills": "0", "rank": "170", "scores": "370"}, "pb-IF4OVEtcDw==": {"deaths": "6", "games": "5", "kills": "3", "rank": "215", "scores": "285"}, "pb-IF4TUnAGCg==": {"deaths": "0", "games": "1", "kills": "0", "rank": "714", "scores": "1"}, "pb-IF4gVHAPEw==": {"deaths": "24", "games": "17", "kills": "19", "rank": "91", "scores": "690"}, "pb-IF4OV3ElMg==": {"deaths": "8", "games": "4", "kills": "3", "rank": "238", "scores": "251"}, "pb-IF4HE2c-": {"deaths": "0", "games": "9", "kills": "0", "rank": "574", "scores": "35"}, "pb-IF4WV0siBg==": {"deaths": "7", "games": "5", "kills": "4", "rank": "322", "scores": "160"}, "pb-IF4KUnVdIw==": {"deaths": "0", "games": "1", "kills": "0", "rank": "638", "scores": "6"}, "pb-IF4-I2wq": {"deaths": "0", "games": "1", "kills": "0", "rank": "481", "scores": "79"}, "pb-IF4-UngPPQ==": {"deaths": "0", "games": "1", "kills": "0", "rank": "400", "scores": "121"}, "pb-IF4OV0ElBA==": {"deaths": "3", "games": "2", "kills": "4", "rank": "429", "scores": "107"}, "pb-IF41VBldCQ==": {"deaths": "0", "games": "4", "kills": "0", "rank": "650", "scores": "4"}, "pb-IF4tUhAuLw==": {"deaths": "0", "games": "2", "kills": "0", "rank": "409", "scores": "120"}, "pb-IF4GVGM7PQ==": {"deaths": "15", "games": "27", "kills": "6", "rank": "276", "scores": "208"}, "pb-JiNJARBZVEFEXFpDGUVUUV1GEUVXQVBC": {"deaths": "4", "games": "3", "kills": "0", "rank": "433", "scores": "102"}, "pb-IF40FGIn": {"deaths": "3", "games": "2", "kills": "1", "rank": "530", "scores": "59"}, "pb-IF4lV1IbCw==": {"deaths": "0", "games": "1", "kills": "0", "rank": "809", "scores": "0"}, "pb-IF4oVGc4IA==": {"deaths": "0", "games": "1", "kills": "0", "rank": "563", "scores": "39"}, "pb-IF4cVUM_FQ==": {"deaths": "0", "games": "2", "kills": "0", "rank": "683", "scores": "2"}, "pb-IF4JVGcdBw==": {"deaths": "3", "games": "3", "kills": "0", "rank": "442", "scores": "99"}, "pb-IF4VVFpSIA==": {"deaths": "0", "games": "1", "kills": "0", "rank": "518", "scores": "65"}, "pb-IF4WVXoIMQ==": {"deaths": "0", "games": "1", "kills": "0", "rank": "408", "scores": "121"}, "pb-IF4rVVlfBA==": {"deaths": "1", "games": "2", "kills": "0", "rank": "290", "scores": "196"}, "pb-IF4OVGcyUQ==": {"deaths": "3", "games": "2", "kills": "3", "rank": "543", "scores": "51"}, "pb-IF4oKUsg": {"deaths": "0", "games": "1", "kills": "0", "rank": "907", "scores": "0"}, "pb-IF4mUm0bHw==": {"deaths": "4", "games": "11", "kills": "5", "rank": "147", "scores": "415"}, "pb-IF4xVHIMNw==": {"deaths": "0", "games": "1", "kills": "0", "rank": "775", "scores": "0"}, "pb-IF4LVxgmAA==": {"deaths": "10", "games": "5", "kills": "16", "rank": "178", "scores": "355"}, "pb-IF4-UhYMHA==": {"deaths": "0", "games": "2", "kills": "0", "rank": "294", "scores": "192"}, "pb-IF4FVG8MMA==": {"deaths": "4", "games": "6", "kills": "1", "rank": "527", "scores": "60"}, "pb-IF4iUnVYFg==": {"deaths": "0", "games": "1", "kills": "0", "rank": "479", "scores": "80"}, "pb-IF4KUhIPVA==": {"deaths": "2", "games": "3", "kills": "2", "rank": "353", "scores": "133"}, "pb-IF48V20yMQ==": {"deaths": "6", "games": "7", "kills": "1", "rank": "419", "scores": "114"}, "pb-IF5VV2kZNQ==": {"deaths": "0", "games": "2", "kills": "0", "rank": "666", "scores": "2"}, "pb-IF4UVHIRMg==": {"deaths": "0", "games": "1", "kills": "0", "rank": "879", "scores": "0"}, "pb-IF4xV2QhHw==": {"deaths": "20", "games": "22", "kills": "12", "rank": "135", "scores": "439"}, "pb-IF4OV1IaMw==": {"deaths": "0", "games": "1", "kills": "0", "rank": "854", "scores": "0"}, "pb-IF4PVUcnKQ==": {"deaths": "0", "games": "2", "kills": "0", "rank": "691", "scores": "2"}, "pb-IF4sVBMvPA==": {"deaths": "5", "games": "3", "kills": "0", "rank": "421", "scores": "113"}, "pb-IF4WVBURKQ==": {"deaths": "12", "games": "6", "kills": "8", "rank": "185", "scores": "339"}, "pb-IF4CUnkmJg==": {"deaths": "0", "games": "1", "kills": "0", "rank": "395", "scores": "121"}, "pb-IF4hUmQdFQ==": {"deaths": "62", "games": "47", "kills": "34", "rank": "13", "scores": "3861"}, "pb-IF4MUhcfHQ==": {"deaths": "0", "games": "1", "kills": "0", "rank": "625", "scores": "12"}, "pb-IF5VVGRaCg==": {"deaths": "0", "games": "1", "kills": "0", "rank": "892", "scores": "0"}, "pb-IF43VHEeLw==": {"deaths": "0", "games": "3", "kills": "1", "rank": "605", "scores": "20"}, "pb-IF4wUnUuNQ==": {"deaths": "9", "games": "4", "kills": "0", "rank": "164", "scores": "381"}, "pb-IF4pVGEuPQ==": {"deaths": "1", "games": "2", "kills": "3", "rank": "564", "scores": "38"}, "pb-IF4PVXBbMA==": {"deaths": "5", "games": "2", "kills": "0", "rank": "483", "scores": "78"}, "pb-IF4DV2kvIA==": {"deaths": "6", "games": "3", "kills": "2", "rank": "347", "scores": "140"}, "pb-IF4DUnkaKg==": {"deaths": "0", "games": "4", "kills": "1", "rank": "537", "scores": "54"}, "pb-IF4oDmUF": {"deaths": "0", "games": "1", "kills": "0", "rank": "760", "scores": "0"}, "pb-IF4FUngyXA==": {"deaths": "0", "games": "3", "kills": "0", "rank": "618", "scores": "15"}, "pb-IF4zIWYo": {"deaths": "3", "games": "2", "kills": "0", "rank": "524", "scores": "61"}, "pb-IF49VWkvCw==": {"deaths": "0", "games": "3", "kills": "0", "rank": "664", "scores": "3"}, "pb-IF4yV04-Uw==": {"deaths": "93", "games": "84", "kills": "69", "rank": "8", "scores": "7394"}, "pb-IF4vVBICEw==": {"deaths": "3", "games": "2", "kills": "0", "rank": "566", "scores": "38"}, "pb-IF4GUnoeHw==": {"deaths": "0", "games": "2", "kills": "0", "rank": "626", "scores": "12"}, "pb-IF4hV0YBJA==": {"deaths": "6", "games": "3", "kills": "4", "rank": "304", "scores": "180"}, "pb-IF4uUncZKQ==": {"deaths": "0", "games": "1", "kills": "0", "rank": "548", "scores": "49"}, "pb-IF4AVHIYMA==": {"deaths": "0", "games": "1", "kills": "0", "rank": "868", "scores": "0"}, "pb-IF4XVHAxKA==": {"deaths": "132", "games": "72", "kills": "116", "rank": "11", "scores": "4854"}, "pb-IF4dUnItUA==": {"deaths": "0", "games": "1", "kills": "0", "rank": "499", "scores": "71"}, "pb-IF42VG8OMg==": {"deaths": "3", "games": "3", "kills": "2", "rank": "458", "scores": "89"}, "pb-IF4FUngtFw==": {"deaths": "0", "games": "5", "kills": "0", "rank": "644", "scores": "5"}, "pb-LV4FVxINXERBD19FQkcEVVBHRA==": {"deaths": "0", "games": "1", "kills": "0", "rank": "820", "scores": "0"}, "pb-IF4IV3EyHw==": {"deaths": "7", "games": "3", "kills": "1", "rank": "243", "scores": "248"}, "pb-IF4eVG8FFg==": {"deaths": "3", "games": "2", "kills": "0", "rank": "447", "scores": "98"}, "pb-JiNJARFeU0FIXVdDEkVWVVdFGUVWQFlH": {"deaths": "0", "games": "1", "kills": "0", "rank": "895", "scores": "0"}, "pb-IF42UnRbCw==": {"deaths": "0", "games": "3", "kills": "0", "rank": "661", "scores": "3"}, "pb-IF4jVXgKNA==": {"deaths": "11", "games": "6", "kills": "2", "rank": "156", "scores": "393"}, "pb-IF4VV0gAIg==": {"deaths": "3", "games": "3", "kills": "1", "rank": "534", "scores": "57"}, "pb-IF4HUmEaLA==": {"deaths": "16", "games": "7", "kills": "1", "rank": "213", "scores": "289"}, "pb-IF4rV2EJCQ==": {"deaths": "0", "games": "2", "kills": "0", "rank": "882", "scores": "0"}, "pb-IF4SVBMnNA==": {"deaths": "21", "games": "11", "kills": "12", "rank": "70", "scores": "838"}, "pb-IF4oVHIjFA==": {"deaths": "0", "games": "1", "kills": "0", "rank": "406", "scores": "121"}, "pb-IF49N2Qu": {"deaths": "0", "games": "1", "kills": "0", "rank": "763", "scores": "0"}, "pb-IF4cVUMSAg==": {"deaths": "0", "games": "2", "kills": "0", "rank": "667", "scores": "2"}, "pb-IF4SUnECUg==": {"deaths": "9", "games": "3", "kills": "0", "rank": "199", "scores": "314"}, "pb-IF4DVGcNLQ==": {"deaths": "0", "games": "1", "kills": "0", "rank": "837", "scores": "0"}, "pb-IF4KVxk-Eg==": {"deaths": "0", "games": "2", "kills": "1", "rank": "308", "scores": "177"}, "pb-IF4oV3hTPA==": {"deaths": "2", "games": "2", "kills": "0", "rank": "622", "scores": "13"}, "pb-IF5QV1ERLg==": {"deaths": "4", "games": "2", "kills": "1", "rank": "491", "scores": "75"}, "pb-IF5TVGkAKA==": {"deaths": "0", "games": "1", "kills": "0", "rank": "851", "scores": "0"}, "pb-IF5XVUgYNg==": {"deaths": "0", "games": "1", "kills": "0", "rank": "571", "scores": "37"}, "pb-IF5QUnklKw==": {"deaths": "3", "games": "2", "kills": "4", "rank": "423", "scores": "112"}, "pb-IF4KEkVd": {"deaths": "6", "games": "3", "kills": "3", "rank": "217", "scores": "281"}, "pb-IF5dVHQMDA==": {"deaths": "0", "games": "1", "kills": "0", "rank": "776", "scores": "0"}, "pb-IF4XVRI_LQ==": {"deaths": "0", "games": "1", "kills": "0", "rank": "465", "scores": "84"}, "pb-IF4TUnIBJA==": {"deaths": "14", "games": "7", "kills": "4", "rank": "83", "scores": "727"}, "pb-IF4VVxMKUA==": {"deaths": "15", "games": "7", "kills": "5", "rank": "162", "scores": "386"}, "pb-IF4IKmk_": {"deaths": "1", "games": "2", "kills": "0", "rank": "637", "scores": "6"}, "pb-IF5RUmUZXA==": {"deaths": "7", "games": "4", "kills": "5", "rank": "188", "scores": "330"}, "pb-IF4tVGgzMw==": {"deaths": "46", "games": "23", "kills": "23", "rank": "36", "scores": "1234"}, "pb-IF4VVEVaCQ==": {"deaths": "8", "games": "4", "kills": "4", "rank": "127", "scores": "460"}, "pb-IF5WV0ldCA==": {"deaths": "1", "games": "3", "kills": "1", "rank": "229", "scores": "259"}, "pb-IF4TV28gHw==": {"deaths": "11", "games": "5", "kills": "1", "rank": "196", "scores": "317"}, "pb-IF4nVUoRLQ==": {"deaths": "12", "games": "9", "kills": "1", "rank": "102", "scores": "653"}, "pb-IF4NVGsaCQ==": {"deaths": "3", "games": "2", "kills": "2", "rank": "496", "scores": "72"}, "pb-IF4pEFUi": {"deaths": "3", "games": "2", "kills": "4", "rank": "282", "scores": "202"}, "pb-IF4-VGcqCg==": {"deaths": "0", "games": "1", "kills": "0", "rank": "904", "scores": "0"}, "pb-IF4HVBkzDw==": {"deaths": "10", "games": "6", "kills": "5", "rank": "284", "scores": "200"}, "pb-IF4FVXI5Vg==": {"deaths": "0", "games": "1", "kills": "0", "rank": "381", "scores": "121"}, "pb-JiNJARFcUEJDW1xHFkVVU1ZKFElfRlVE": {"deaths": "2", "games": "4", "kills": "4", "rank": "544", "scores": "50"}, "pb-IF4zUncJBw==": {"deaths": "5", "games": "2", "kills": "2", "rank": "283", "scores": "202"}, "pb-IF4mCVoR": {"deaths": "0", "games": "2", "kills": "0", "rank": "737", "scores": "1"}, "pb-IF5RVHQELg==": {"deaths": "0", "games": "1", "kills": "0", "rank": "782", "scores": "0"}, "pb-IF4cVxgiFw==": {"deaths": "9", "games": "5", "kills": "3", "rank": "234", "scores": "255"}, "pb-IF5WVGonXQ==": {"deaths": "0", "games": "1", "kills": "0", "rank": "371", "scores": "121"}, "pb-IF4vVUcOFg==": {"deaths": "0", "games": "2", "kills": "0", "rank": "682", "scores": "2"}, "pb-IF4qUhMiBg==": {"deaths": "1", "games": "35", "kills": "0", "rank": "358", "scores": "127"}, "pb-JiNJARFZUEpCXF1BEE9WXVJAE0JbQlZE": {"deaths": "0", "games": "1", "kills": "0", "rank": "871", "scores": "0"}, "pb-LV4FUWRSIzdBVF9BETMlICREZA==": {"deaths": "125", "games": "87", "kills": "95", "rank": "15", "scores": "3014"}, "pb-IF5UUmUmLg==": {"deaths": "12", "games": "6", "kills": "6", "rank": "167", "scores": "376"}, "pb-IF5XUno_XQ==": {"deaths": "0", "games": "2", "kills": "0", "rank": "673", "scores": "2"}, "pb-JiNJARBbVkBBW1tCFUZXU1VFFUJfTllC": {"deaths": "3", "games": "2", "kills": "1", "rank": "355", "scores": "133"}, "pb-IF4oVXMyFA==": {"deaths": "183", "games": "139", "kills": "199", "rank": "4", "scores": "12230"}, "pb-IF4HUhMgIg==": {"deaths": "3", "games": "20", "kills": "7", "rank": "241", "scores": "249"}, "pb-IF40Uhg7Lg==": {"deaths": "0", "games": "1", "kills": "0", "rank": "748", "scores": "1"}, "pb-IF42UmcbDw==": {"deaths": "0", "games": "1", "kills": "0", "rank": "490", "scores": "76"}, "pb-IF4-VBclVA==": {"deaths": "9", "games": "7", "kills": "7", "rank": "183", "scores": "343"}, "pb-IF4KVHEzDA==": {"deaths": "0", "games": "1", "kills": "0", "rank": "831", "scores": "0"}, "pb-IF4rV2goAw==": {"deaths": "13", "games": "19", "kills": "9", "rank": "224", "scores": "263"}, "pb-IF4yUhgCEA==": {"deaths": "17", "games": "6", "kills": "9", "rank": "111", "scores": "560"}, "pb-IF4pVBMJLQ==": {"deaths": "0", "games": "1", "kills": "0", "rank": "832", "scores": "0"}, "pb-IF4QUnYkKQ==": {"deaths": "0", "games": "3", "kills": "0", "rank": "329", "scores": "158"}, "pb-IF4oVWkuNQ==": {"deaths": "10", "games": "4", "kills": "0", "rank": "141", "scores": "429"}, "pb-IF4yBEMg": {"deaths": "0", "games": "1", "kills": "0", "rank": "818", "scores": "0"}, "pb-IF4GVGglMg==": {"deaths": "0", "games": "8", "kills": "0", "rank": "634", "scores": "8"}, "pb-IF4QV1QOAw==": {"deaths": "0", "games": "1", "kills": "0", "rank": "834", "scores": "0"}, "pb-IF4UUnoqDA==": {"deaths": "0", "games": "1", "kills": "0", "rank": "387", "scores": "121"}, "pb-IF43UnYgFQ==": {"deaths": "0", "games": "2", "kills": "0", "rank": "341", "scores": "144"}, "pb-IF4vV3YsVA==": {"deaths": "11", "games": "6", "kills": "9", "rank": "144", "scores": "423"}, "pb-IF4-VHhbKA==": {"deaths": "0", "games": "1", "kills": "0", "rank": "436", "scores": "102"}, "pb-IF5cVFEmUA==": {"deaths": "6", "games": "4", "kills": "3", "rank": "205", "scores": "306"}, "pb-IF40VVghIA==": {"deaths": "29", "games": "9", "kills": "31", "rank": "41", "scores": "1108"}, "pb-IF40VGwuDg==": {"deaths": "0", "games": "1", "kills": "0", "rank": "757", "scores": "0"}, "pb-IF42V2osUw==": {"deaths": "11", "games": "6", "kills": "3", "rank": "151", "scores": "408"}, "pb-IF4zVG0vLg==": {"deaths": "6", "games": "3", "kills": "0", "rank": "450", "scores": "96"}, "pb-IF4qVBQgEg==": {"deaths": "42", "games": "31", "kills": "37", "rank": "30", "scores": "1500"}, "pb-IF4wVWk7UQ==": {"deaths": "0", "games": "4", "kills": "0", "rank": "648", "scores": "4"}, "pb-IF4sVVcMXQ==": {"deaths": "0", "games": "1", "kills": "0", "rank": "717", "scores": "1"}, "pb-IF4OP3MZ": {"deaths": "0", "games": "2", "kills": "0", "rank": "670", "scores": "2"}, "pb-IF4AUmwzPQ==": {"deaths": "3", "games": "2", "kills": "2", "rank": "333", "scores": "152"}, "pb-LV4FAxRYBkdBX1sSRRcHBVZCRg==": {"deaths": "3", "games": "2", "kills": "1", "rank": "511", "scores": "67"}, "pb-IF4OUnojVQ==": {"deaths": "0", "games": "1", "kills": "0", "rank": "469", "scores": "83"}, "pb-IF4AEFcs": {"deaths": "0", "games": "1", "kills": "0", "rank": "855", "scores": "0"}, "pb-IF4nV1Y_Fw==": {"deaths": "5", "games": "3", "kills": "0", "rank": "528", "scores": "60"}, "pb-IF4gVWcBKg==": {"deaths": "98", "games": "50", "kills": "32", "rank": "10", "scores": "5562"}, "pb-IF4iN0wZ": {"deaths": "3", "games": "1", "kills": "3", "rank": "557", "scores": "42"}, "pb-IF40UmYgHw==": {"deaths": "0", "games": "2", "kills": "0", "rank": "391", "scores": "121"}, "pb-IF4IVHJfAA==": {"deaths": "0", "games": "1", "kills": "0", "rank": "784", "scores": "0"}, "pb-IF4xVUkSUA==": {"deaths": "0", "games": "2", "kills": "0", "rank": "279", "scores": "205"}, "pb-JiNJVxBcVkNCWF1BFkZRXF1DGUBWR1VG": {"deaths": "0", "games": "1", "kills": "0", "rank": "908", "scores": "0"}, "pb-IF5XVHRdCA==": {"deaths": "12", "games": "8", "kills": "0", "rank": "179", "scores": "353"}, "pb-IF4GVXQmEw==": {"deaths": "0", "games": "1", "kills": "0", "rank": "730", "scores": "1"}, "pb-IF4nVGkcLg==": {"deaths": "3", "games": "2", "kills": "1", "rank": "576", "scores": "33"}, "pb-IF4nUmsxLA==": {"deaths": "0", "games": "4", "kills": "0", "rank": "361", "scores": "124"}, "pb-IF4lVHIdKw==": {"deaths": "0", "games": "1", "kills": "0", "rank": "862", "scores": "0"}, "pb-IF4MVVkMJg==": {"deaths": "16", "games": "12", "kills": "11", "rank": "71", "scores": "827"}, "pb-IF4iVUUHDw==": {"deaths": "6", "games": "4", "kills": "0", "rank": "184", "scores": "341"}, "pb-IF42V0dcNQ==": {"deaths": "7", "games": "6", "kills": "0", "rank": "455", "scores": "92"}, "pb-IF5TVBYsPQ==": {"deaths": "0", "games": "1", "kills": "0", "rank": "905", "scores": "0"}, "pb-IF4VV0pdPA==": {"deaths": "0", "games": "1", "kills": "0", "rank": "823", "scores": "0"}, "pb-IF4VUng-JA==": {"deaths": "11", "games": "3", "kills": "9", "rank": "180", "scores": "351"}, "pb-IF4hUnk9Ag==": {"deaths": "2", "games": "2", "kills": "0", "rank": "248", "scores": "242"}, "pb-IF4MVBAvUg==": {"deaths": "0", "games": "2", "kills": "0", "rank": "826", "scores": "0"}, "pb-IF4QUnYsVQ==": {"deaths": "0", "games": "2", "kills": "0", "rank": "694", "scores": "2"}, "pb-IF4wVWcgNg==": {"deaths": "158", "games": "305", "kills": "114", "rank": "1", "scores": "20078"}, "pb-IF4NV2MSCw==": {"deaths": "42", "games": "29", "kills": "16", "rank": "43", "scores": "1086"}, "pb-JiNJARBeUktGXFpCGURSU1VDEUNZQlFD": {"deaths": "3", "games": "1", "kills": "0", "rank": "753", "scores": "0"}, "pb-IF4OVRRYPQ==": {"deaths": "2", "games": "3", "kills": "1", "rank": "275", "scores": "209"}, "pb-IF4FUnMeLg==": {"deaths": "0", "games": "1", "kills": "0", "rank": "624", "scores": "13"}, "pb-IF4pVGZaFA==": {"deaths": "0", "games": "1", "kills": "0", "rank": "801", "scores": "0"}, "pb-IF4MJxUc": {"deaths": "3", "games": "3", "kills": "3", "rank": "452", "scores": "95"}, "pb-IF4XVGwmAQ==": {"deaths": "0", "games": "1", "kills": "0", "rank": "756", "scores": "0"}, "pb-IF4TUhhaHQ==": {"deaths": "0", "games": "1", "kills": "0", "rank": "428", "scores": "108"}, "pb-IF4mVGksNw==": {"deaths": "15", "games": "6", "kills": "6", "rank": "138", "scores": "438"}, "pb-IF4rUnQtDw==": {"deaths": "0", "games": "2", "kills": "0", "rank": "679", "scores": "2"}, "pb-JiNJARBaXEtJW1xJFkFQXVdDE0JaQlRG": {"deaths": "17", "games": "9", "kills": "19", "rank": "142", "scores": "427"}, "pb-JiNJARBSV0ZIWVpEGURTVlRKEUFcQlZD": {"deaths": "0", "games": "3", "kills": "0", "rank": "635", "scores": "8"}, "pb-IF4tV0sRDw==": {"deaths": "6", "games": "3", "kills": "6", "rank": "219", "scores": "276"}, "pb-IF41VG07Cg==": {"deaths": "0", "games": "1", "kills": "0", "rank": "769", "scores": "0"}, "pb-IF4rUmMBIA==": {"deaths": "0", "games": "2", "kills": "0", "rank": "344", "scores": "143"}, "pb-IF5UVGkbMw==": {"deaths": "3", "games": "2", "kills": "0", "rank": "489", "scores": "76"}, "pb-IF4GVBQCIg==": {"deaths": "2", "games": "2", "kills": "1", "rank": "619", "scores": "14"}, "pb-JiNJVxFZV0FFW15AFkVUVlRGE0FeRVRD": {"deaths": "2", "games": "2", "kills": "0", "rank": "292", "scores": "192"}, "pb-IF4IVBcTUw==": {"deaths": "0", "games": "1", "kills": "0", "rank": "899", "scores": "0"}, "pb-IF4CUhBaJA==": {"deaths": "58", "games": "36", "kills": "13", "rank": "20", "scores": "2306"}, "pb-IF4LVGJTEg==": {"deaths": "3", "games": "2", "kills": "1", "rank": "446", "scores": "98"}, "pb-IF5RVGESEw==": {"deaths": "9", "games": "4", "kills": "4", "rank": "263", "scores": "222"}, "pb-IF4gVBJcNg==": {"deaths": "11", "games": "8", "kills": "18", "rank": "204", "scores": "309"}, "pb-IF4jVGQaLw==": {"deaths": "167", "games": "86", "kills": "127", "rank": "9", "scores": "6529"}, "pb-IF4pVHI9CQ==": {"deaths": "1", "games": "2", "kills": "0", "rank": "646", "scores": "4"}, "pb-IF4SVBAKLA==": {"deaths": "6", "games": "7", "kills": "4", "rank": "357", "scores": "130"}, "pb-IF4lJGcJ": {"deaths": "0", "games": "1", "kills": "0", "rank": "583", "scores": "32"}, "pb-IF4zV1klMA==": {"deaths": "30", "games": "20", "kills": "25", "rank": "44", "scores": "1074"}, "pb-IF5WVXIdFA==": {"deaths": "1", "games": "8", "kills": "0", "rank": "529", "scores": "60"}, "pb-IF49VBMNFQ==": {"deaths": "1", "games": "2", "kills": "0", "rank": "629", "scores": "10"}, "pb-IF4cVEoEAA==": {"deaths": "10", "games": "4", "kills": "1", "rank": "268", "scores": "216"}, "pb-IF4HVVMdUA==": {"deaths": "1", "games": "1", "kills": "0", "rank": "598", "scores": "22"}, "pb-IF4eH2Mt": {"deaths": "6", "games": "3", "kills": "1", "rank": "218", "scores": "278"}, "pb-IF4SUmUtHA==": {"deaths": "5", "games": "2", "kills": "1", "rank": "485", "scores": "77"}, "pb-IF4RV3kiXQ==": {"deaths": "2", "games": "2", "kills": "7", "rank": "502", "scores": "69"}, "pb-IF4MDWsR": {"deaths": "0", "games": "1", "kills": "0", "rank": "764", "scores": "0"}, "pb-IF4LVGkqUA==": {"deaths": "63", "games": "74", "kills": "35", "rank": "12", "scores": "4296"}, "pb-IF4WVHolJg==": {"deaths": "3", "games": "2", "kills": "4", "rank": "291", "scores": "193"}, "pb-IF5SVBI-XQ==": {"deaths": "0", "games": "1", "kills": "0", "rank": "840", "scores": "0"}, "pb-IF4LV2QiDw==": {"deaths": "0", "games": "1", "kills": "0", "rank": "865", "scores": "0"}, "pb-IF4MVRIGXA==": {"deaths": "11", "games": "8", "kills": "9", "rank": "82", "scores": "735"}, "pb-IF4MUmE4BA==": {"deaths": "0", "games": "2", "kills": "0", "rank": "693", "scores": "2"}, "pb-JiNJARBYXUVGW1xHF0dZVFBLEUleTllF": {"deaths": "4", "games": "3", "kills": "0", "rank": "508", "scores": "68"}, "pb-IF5dUmo6PQ==": {"deaths": "0", "games": "1", "kills": "0", "rank": "445", "scores": "99"}, "pb-IF4IVFozIw==": {"deaths": "0", "games": "2", "kills": "0", "rank": "681", "scores": "2"}, "pb-IF5SVHQTIg==": {"deaths": "0", "games": "1", "kills": "0", "rank": "778", "scores": "0"}, "pb-IF4qV1EoCg==": {"deaths": "0", "games": "1", "kills": "0", "rank": "762", "scores": "0"}, "pb-IF4jVHIMDA==": {"deaths": "0", "games": "1", "kills": "0", "rank": "864", "scores": "0"}, "pb-IF5TVHEJCA==": {"deaths": "8", "games": "4", "kills": "3", "rank": "312", "scores": "170"}, "pb-IF4PVGNbEQ==": {"deaths": "18", "games": "10", "kills": "11", "rank": "116", "scores": "533"}, "pb-IF4uVGokFA==": {"deaths": "4", "games": "3", "kills": "5", "rank": "464", "scores": "86"}, "pb-IF4BUnMqVg==": {"deaths": "0", "games": "1", "kills": "0", "rank": "407", "scores": "121"}, "pb-IF4DUnk_MQ==": {"deaths": "0", "games": "1", "kills": "0", "rank": "374", "scores": "121"}, "pb-IF5UVBMvJA==": {"deaths": "43", "games": "21", "kills": "30", "rank": "48", "scores": "1050"}, "pb-IF4SUnUsJw==": {"deaths": "0", "games": "2", "kills": "0", "rank": "677", "scores": "2"}, "pb-IF4hUnVTHQ==": {"deaths": "0", "games": "1", "kills": "0", "rank": "439", "scores": "101"}, "pb-IF4NVBY_KA==": {"deaths": "34", "games": "24", "kills": "13", "rank": "96", "scores": "677"}, "pb-IF40VHFbLw==": {"deaths": "0", "games": "1", "kills": "0", "rank": "790", "scores": "0"}, "pb-IF4BV3YtNA==": {"deaths": "3", "games": "2", "kills": "0", "rank": "222", "scores": "270"}, "pb-IF42V3AeVQ==": {"deaths": "0", "games": "2", "kills": "0", "rank": "727", "scores": "1"}, "pb-JiNJVxBfUURIWlhDGUdTV1VLFEhYR1ZA": {"deaths": "6", "games": "4", "kills": "2", "rank": "316", "scores": "166"}, "pb-IF4rVGccFA==": {"deaths": "3", "games": "2", "kills": "0", "rank": "431", "scores": "105"}, "pb-JiNJARBfUEJBVV9EGE9ZXVdEFUZaQ1JF": {"deaths": "6", "games": "3", "kills": "0", "rank": "363", "scores": "123"}, "pb-IF5RVBIpCw==": {"deaths": "6", "games": "8", "kills": "8", "rank": "146", "scores": "417"}, "pb-IF4CV0UeFg==": {"deaths": "19", "games": "11", "kills": "3", "rank": "203", "scores": "311"}, "pb-IF4BUhY-Cg==": {"deaths": "26", "games": "17", "kills": "3", "rank": "45", "scores": "1068"}, "pb-IF4NVRNZEA==": {"deaths": "0", "games": "1", "kills": "0", "rank": "405", "scores": "121"}, "pb-IF4BUncOIg==": {"deaths": "0", "games": "1", "kills": "0", "rank": "385", "scores": "121"}, "pb-IF5RVHQ7HQ==": {"deaths": "0", "games": "1", "kills": "0", "rank": "877", "scores": "0"}, "pb-IF4WUnkOHw==": {"deaths": "5", "games": "10", "kills": "14", "rank": "69", "scores": "855"}, "pb-IF5cVHQpUw==": {"deaths": "0", "games": "1", "kills": "0", "rank": "849", "scores": "0"}, "pb-IF4QUnksMA==": {"deaths": "0", "games": "1", "kills": "0", "rank": "388", "scores": "121"}, "pb-IF4sUhQdPw==": {"deaths": "8", "games": "6", "kills": "2", "rank": "109", "scores": "578"}, "pb-IF4hUnMgDw==": {"deaths": "0", "games": "1", "kills": "0", "rank": "768", "scores": "0"}, "pb-IF4oUmwHUQ==": {"deaths": "1", "games": "2", "kills": "0", "rank": "513", "scores": "67"}, "pb-IF4-VGgSDw==": {"deaths": "0", "games": "1", "kills": "0", "rank": "884", "scores": "0"}, "pb-IF4LVVNZEQ==": {"deaths": "24", "games": "7", "kills": "7", "rank": "78", "scores": "755"}, "pb-IF4OV3MkHw==": {"deaths": "15", "games": "9", "kills": "21", "rank": "143", "scores": "424"}, "pb-IF4-VBkCPQ==": {"deaths": "4", "games": "3", "kills": "0", "rank": "509", "scores": "68"}, "pb-IF4pVBcPUQ==": {"deaths": "24", "games": "16", "kills": "20", "rank": "123", "scores": "473"}, "pb-IF4AVGMJPA==": {"deaths": "0", "games": "1", "kills": "0", "rank": "804", "scores": "0"}, "pb-IF49VXkoIg==": {"deaths": "5", "games": "3", "kills": "2", "rank": "306", "scores": "179"}, "pb-IF4OVWgdHw==": {"deaths": "23", "games": "14", "kills": "8", "rank": "51", "scores": "1002"}, "pb-IF4eV1ZSDQ==": {"deaths": "1", "games": "1", "kills": "0", "rank": "754", "scores": "0"}, "pb-IF5RUm5cKg==": {"deaths": "0", "games": "1", "kills": "0", "rank": "607", "scores": "20"}, "pb-IF5WUnMHUQ==": {"deaths": "0", "games": "1", "kills": "0", "rank": "456", "scores": "92"}, "pb-IF4nUnVbDg==": {"deaths": "0", "games": "1", "kills": "0", "rank": "501", "scores": "70"}, "pb-IF4pV0QpAA==": {"deaths": "0", "games": "1", "kills": "0", "rank": "812", "scores": "0"}, "pb-IF4nUncmAA==": {"deaths": "12", "games": "9", "kills": "11", "rank": "76", "scores": "757"}, "pb-IF5WVHQAEw==": {"deaths": "3", "games": "2", "kills": "0", "rank": "532", "scores": "59"}, "pb-IF5VV3pcMg==": {"deaths": "0", "games": "1", "kills": "0", "rank": "859", "scores": "0"}, "pb-IF5TV1AjEQ==": {"deaths": "6", "games": "4", "kills": "0", "rank": "414", "scores": "117"}, "pb-IF4-VG4aCQ==": {"deaths": "11", "games": "6", "kills": "11", "rank": "176", "scores": "359"}, "pb-IF5SUkFeUg==": {"deaths": "19", "games": "5", "kills": "3", "rank": "121", "scores": "497"}, "pb-IF4IVHFYEA==": {"deaths": "0", "games": "1", "kills": "0", "rank": "789", "scores": "0"}, "pb-IF4CVG89EA==": {"deaths": "23", "games": "16", "kills": "19", "rank": "92", "scores": "688"}, "pb-JiNJARBTVEJFWFtCEE5UUFZLEUBbQlBK": {"deaths": "0", "games": "1", "kills": "0", "rank": "761", "scores": "0"}, "pb-IF4BV0gbIw==": {"deaths": "2", "games": "1", "kills": "0", "rank": "621", "scores": "13"}, "pb-IF5WVUkmBw==": {"deaths": "3", "games": "2", "kills": "2", "rank": "473", "scores": "81"}, "pb-IF5QUkI5VA==": {"deaths": "0", "games": "1", "kills": "0", "rank": "745", "scores": "1"}, "pb-IF4yVG8BLg==": {"deaths": "0", "games": "1", "kills": "0", "rank": "858", "scores": "0"}, "pb-IF5QVHI6NQ==": {"deaths": "0", "games": "2", "kills": "0", "rank": "872", "scores": "0"}, "pb-IF5XVGYMNQ==": {"deaths": "0", "games": "1", "kills": "0", "rank": "803", "scores": "0"}, "pb-IF5TV2EGAQ==": {"deaths": "11", "games": "7", "kills": "7", "rank": "226", "scores": "261"}, "pb-IF4KAXg_": {"deaths": "0", "games": "2", "kills": "0", "rank": "844", "scores": "0"}, "pb-JiNJARFaXUpDVF1FE0BVUVRGGUlcQVdL": {"deaths": "12", "games": "5", "kills": "5", "rank": "181", "scores": "349"}, "pb-IF4HUnkRUw==": {"deaths": "0", "games": "2", "kills": "0", "rank": "366", "scores": "122"}, "pb-IF4LVBRfDA==": {"deaths": "0", "games": "3", "kills": "0", "rank": "641", "scores": "6"}, "pb-IF4UVBEYUg==": {"deaths": "6", "games": "5", "kills": "0", "rank": "317", "scores": "164"}, "pb-IF4OVBkKNA==": {"deaths": "55", "games": "43", "kills": "117", "rank": "21", "scores": "2300"}, "pb-JiNJARBaXUdGXFZBGEBSUV1AFEldRVZH": {"deaths": "3", "games": "2", "kills": "0", "rank": "313", "scores": "168"}, "pb-IF4UUnU4Vw==": {"deaths": "0", "games": "1", "kills": "0", "rank": "713", "scores": "1"}, "pb-IF4SUmgmMQ==": {"deaths": "3", "games": "2", "kills": "0", "rank": "297", "scores": "191"}, "pb-IF4CVG0jJw==": {"deaths": "51", "games": "30", "kills": "25", "rank": "28", "scores": "1624"}, "pb-IF4KVU9bUg==": {"deaths": "0", "games": "3", "kills": "0", "rank": "654", "scores": "3"}, "pb-IF4oVHAZJw==": {"deaths": "6", "games": "4", "kills": "0", "rank": "272", "scores": "211"}, "pb-IF4tV2ddEw==": {"deaths": "0", "games": "1", "kills": "0", "rank": "815", "scores": "0"}, "pb-IF4BVGEhVQ==": {"deaths": "34", "games": "19", "kills": "45", "rank": "29", "scores": "1507"}, "pb-IF4IVGQZNQ==": {"deaths": "9", "games": "5", "kills": "7", "rank": "212", "scores": "294"}, "pb-IF4CVxIaCw==": {"deaths": "0", "games": "1", "kills": "0", "rank": "743", "scores": "1"}, "pb-IF4yVUE_Kw==": {"deaths": "1", "games": "2", "kills": "0", "rank": "250", "scores": "242"}, "pb-IF5XVGYGPQ==": {"deaths": "6", "games": "4", "kills": "1", "rank": "336", "scores": "149"}, "pb-IF4DUnk6Pw==": {"deaths": "0", "games": "1", "kills": "0", "rank": "514", "scores": "67"}, "pb-IF5QVUw9Bg==": {"deaths": "0", "games": "3", "kills": "0", "rank": "665", "scores": "3"}, "pb-IF4jVGcuEA==": {"deaths": "16", "games": "8", "kills": "8", "rank": "124", "scores": "473"}, "pb-IF4oV2M-Lg==": {"deaths": "0", "games": "2", "kills": "0", "rank": "867", "scores": "0"}, "pb-IF4cUnYzCg==": {"deaths": "0", "games": "2", "kills": "2", "rank": "517", "scores": "65"}, "pb-IF4oUnopFA==": {"deaths": "0", "games": "2", "kills": "0", "rank": "687", "scores": "2"}, "pb-IF4oV1hYMQ==": {"deaths": "29", "games": "15", "kills": "23", "rank": "58", "scores": "916"}, "pb-IF4MVBQANg==": {"deaths": "22", "games": "16", "kills": "13", "rank": "108", "scores": "579"}, "pb-IF4mUm8SIg==": {"deaths": "0", "games": "1", "kills": "0", "rank": "553", "scores": "47"}, "pb-IF5dV20kMQ==": {"deaths": "2", "games": "2", "kills": "0", "rank": "614", "scores": "16"}, "pb-IF4VVGFcVA==": {"deaths": "0", "games": "2", "kills": "0", "rank": "765", "scores": "0"}, "pb-IF43V1ofJA==": {"deaths": "0", "games": "1", "kills": "0", "rank": "732", "scores": "1"}, "pb-IF42VHA6MQ==": {"deaths": "3", "games": "2", "kills": "1", "rank": "565", "scores": "38"}, "pb-IF42VGw7CA==": {"deaths": "3", "games": "3", "kills": "3", "rank": "330", "scores": "156"}, "pb-IF4XUnUtAQ==": {"deaths": "0", "games": "3", "kills": "0", "rank": "438", "scores": "101"}, "pb-IF5cVGIxPQ==": {"deaths": "6", "games": "8", "kills": "4", "rank": "346", "scores": "140"}, "pb-IF4xV1MNKA==": {"deaths": "0", "games": "1", "kills": "0", "rank": "893", "scores": "0"}, "pb-IF5XUmMIUQ==": {"deaths": "6", "games": "2", "kills": "0", "rank": "298", "scores": "190"}, "pb-IF40UngZAw==": {"deaths": "1", "games": "2", "kills": "0", "rank": "249", "scores": "242"}, "pb-IF4AUnosVQ==": {"deaths": "0", "games": "1", "kills": "0", "rank": "375", "scores": "121"}, "pb-IF4zVGc6IQ==": {"deaths": "3", "games": "2", "kills": "2", "rank": "459", "scores": "89"}, "pb-IF4-V2UhEg==": {"deaths": "0", "games": "1", "kills": "0", "rank": "889", "scores": "0"}, "pb-IF42VHEdCA==": {"deaths": "3", "games": "2", "kills": "0", "rank": "602", "scores": "21"}, "pb-IF4gVFRfHw==": {"deaths": "15", "games": "10", "kills": "5", "rank": "79", "scores": "755"}, "pb-IF4BVXM9Dg==": {"deaths": "1", "games": "2", "kills": "1", "rank": "321", "scores": "161"}, "pb-IF48Imsi": {"deaths": "0", "games": "1", "kills": "0", "rank": "838", "scores": "0"}, "pb-IF4lC2xa": {"deaths": "6", "games": "3", "kills": "2", "rank": "259", "scores": "229"}, "pb-IF4-UmsNNg==": {"deaths": "2", "games": "2", "kills": "0", "rank": "470", "scores": "82"}, "pb-IF4NUmofUA==": {"deaths": "0", "games": "1", "kills": "0", "rank": "594", "scores": "26"}, "pb-IF4MVGUnCg==": {"deaths": "28", "games": "15", "kills": "14", "rank": "85", "scores": "711"}, "pb-IF4PUnhbFQ==": {"deaths": "0", "games": "1", "kills": "0", "rank": "749", "scores": "1"}, "pb-IF4tV1o-IQ==": {"deaths": "18", "games": "12", "kills": "18", "rank": "94", "scores": "683"}, "pb-IF43UmcoUg==": {"deaths": "6", "games": "2", "kills": "0", "rank": "262", "scores": "224"}, "pb-IF4JUmccNg==": {"deaths": "0", "games": "1", "kills": "0", "rank": "432", "scores": "103"}, "pb-IF4DVGkgCw==": {"deaths": "6", "games": "3", "kills": "1", "rank": "368", "scores": "121"}, "pb-JiNJARBcUkRIX1xAEE5TVFJHFUdWRllC": {"deaths": "7", "games": "5", "kills": "13", "rank": "192", "scores": "323"}, "pb-IF4FVG8MUg==": {"deaths": "0", "games": "1", "kills": "0", "rank": "902", "scores": "0"}, "pb-IF40VBU5Dw==": {"deaths": "0", "games": "1", "kills": "0", "rank": "384", "scores": "121"}, "pb-IF4SARQa": {"deaths": "0", "games": "1", "kills": "0", "rank": "856", "scores": "0"}, "pb-IF4DUnMDLw==": {"deaths": "0", "games": "1", "kills": "0", "rank": "415", "scores": "117"}, "pb-IF4IUmQvCg==": {"deaths": "2", "games": "1", "kills": "0", "rank": "610", "scores": "19"}, "pb-IF4CUhIsCw==": {"deaths": "0", "games": "4", "kills": "0", "rank": "649", "scores": "4"}, "pb-IF4PUmxSCA==": {"deaths": "1", "games": "4", "kills": "3", "rank": "186", "scores": "337"}, "pb-IF4VVGhaPw==": {"deaths": "2", "games": "1", "kills": "5", "rank": "539", "scores": "53"}, "pb-IF4RVHIiDA==": {"deaths": "6", "games": "4", "kills": "0", "rank": "320", "scores": "162"}, "pb-IF4SUnkNKQ==": {"deaths": "0", "games": "3", "kills": "0", "rank": "599", "scores": "22"}, "pb-IF4RIGYq": {"deaths": "0", "games": "1", "kills": "0", "rank": "878", "scores": "0"}, "pb-IF4SVUQOKA==": {"deaths": "1", "games": "4", "kills": "0", "rank": "251", "scores": "241"}, "pb-IF4KVGgTKA==": {"deaths": "6", "games": "5", "kills": "2", "rank": "349", "scores": "139"}, "pb-IF5SVGw8KQ==": {"deaths": "4", "games": "5", "kills": "6", "rank": "413", "scores": "117"}, "pb-IF49UnkTJw==": {"deaths": "0", "games": "1", "kills": "0", "rank": "417", "scores": "116"}, "pb-IF4eVHAhEA==": {"deaths": "6", "games": "3", "kills": "1", "rank": "257", "scores": "232"}, "pb-IF42VBg9Ag==": {"deaths": "12", "games": "6", "kills": "3", "rank": "208", "scores": "298"}, "pb-IF4cVG1SCg==": {"deaths": "8", "games": "4", "kills": "6", "rank": "171", "scores": "368"}, "pb-IF5dVGRZKA==": {"deaths": "0", "games": "1", "kills": "0", "rank": "866", "scores": "0"}, "pb-IF42VXZdIA==": {"deaths": "53", "games": "17", "kills": "20", "rank": "32", "scores": "1415"}, "pb-IF4GV2U4FA==": {"deaths": "20", "games": "8", "kills": "14", "rank": "131", "scores": "450"}, "pb-IF5XVVgPBg==": {"deaths": "9", "games": "10", "kills": "13", "rank": "67", "scores": "863"}, "pb-IF5SVHQyKw==": {"deaths": "12", "games": "11", "kills": "5", "rank": "63", "scores": "884"}, "pb-IF40UnYcCw==": {"deaths": "0", "games": "1", "kills": "0", "rank": "376", "scores": "121"}, "pb-IF5UVUtdVg==": {"deaths": "2", "games": "3", "kills": "0", "rank": "326", "scores": "159"}, "pb-IF40VE4GKg==": {"deaths": "1", "games": "2", "kills": "1", "rank": "122", "scores": "489"}, "pb-IF4vUnUTEg==": {"deaths": "0", "games": "1", "kills": "0", "rank": "389", "scores": "121"}, "pb-IF4WVVUeNw==": {"deaths": "0", "games": "2", "kills": "0", "rank": "587", "scores": "30"}, "pb-IF5XUngMDg==": {"deaths": "0", "games": "2", "kills": "0", "rank": "676", "scores": "2"}, "pb-IF4zV0kAJg==": {"deaths": "14", "games": "6", "kills": "23", "rank": "80", "scores": "748"}, "pb-IF4pUnFYLw==": {"deaths": "0", "games": "2", "kills": "0", "rank": "688", "scores": "2"}, "pb-IF4yUnEqEQ==": {"deaths": "3", "games": "3", "kills": "1", "rank": "187", "scores": "335"}, "pb-IF40VxNYKA==": {"deaths": "1", "games": "2", "kills": "0", "rank": "633", "scores": "8"}, "pb-IF5UEEMA": {"deaths": "0", "games": "2", "kills": "1", "rank": "597", "scores": "23"}, "pb-IF5XVG0eCQ==": {"deaths": "0", "games": "2", "kills": "0", "rank": "795", "scores": "0"}, "pb-IF4MV1YmKA==": {"deaths": "0", "games": "1", "kills": "0", "rank": "822", "scores": "0"}, "pb-IF4WVBIIAw==": {"deaths": "3", "games": "2", "kills": "0", "rank": "547", "scores": "49"}, "pb-IF4cV3AgPQ==": {"deaths": "3", "games": "2", "kills": "0", "rank": "497", "scores": "72"}, "pb-IF5cVBlZDA==": {"deaths": "0", "games": "1", "kills": "0", "rank": "870", "scores": "0"}, "pb-IF4DUnEpNQ==": {"deaths": "14", "games": "5", "kills": "2", "rank": "113", "scores": "543"}, "pb-IF4eVBARMg==": {"deaths": "0", "games": "1", "kills": "0", "rank": "850", "scores": "0"}, "pb-IF4pVWsGCA==": {"deaths": "0", "games": "2", "kills": "2", "rank": "305", "scores": "180"}, "pb-IF4hVHEpXQ==": {"deaths": "0", "games": "1", "kills": "0", "rank": "731", "scores": "1"}, "pb-IF4VUhAuUw==": {"deaths": "0", "games": "2", "kills": "1", "rank": "460", "scores": "88"}, "pb-IF4wUngFPA==": {"deaths": "14", "games": "11", "kills": "5", "rank": "66", "scores": "879"}, "pb-IF4AVBQvHA==": {"deaths": "3", "games": "2", "kills": "2", "rank": "592", "scores": "27"}, "pb-IF4gVFocLA==": {"deaths": "2", "games": "2", "kills": "0", "rank": "247", "scores": "242"}, "pb-IF4jVXoiLw==": {"deaths": "0", "games": "4", "kills": "0", "rank": "579", "scores": "33"}, "pb-IF49VGE6Ew==": {"deaths": "0", "games": "1", "kills": "0", "rank": "842", "scores": "0"}, "pb-IF5WV1ZcIQ==": {"deaths": "0", "games": "1", "kills": "0", "rank": "887", "scores": "0"}, "pb-IF4BUmMAVg==": {"deaths": "1", "games": "3", "kills": "2", "rank": "191", "scores": "325"}, "pb-IF4KVXolIQ==": {"deaths": "0", "games": "1", "kills": "0", "rank": "586", "scores": "30"}, "pb-IF4GUngNVw==": {"deaths": "12", "games": "3", "kills": "0", "rank": "319", "scores": "162"}, "pb-IF5cHGMT": {"deaths": "4", "games": "1", "kills": "1", "rank": "503", "scores": "69"}, "pb-IF4XV0M6Cw==": {"deaths": "79", "games": "40", "kills": "71", "rank": "23", "scores": "2165"}, "pb-IF42UnEOKA==": {"deaths": "0", "games": "1", "kills": "0", "rank": "394", "scores": "121"}, "pb-IF4TUnQ_Pw==": {"deaths": "9", "games": "7", "kills": "6", "rank": "93", "scores": "688"}, "pb-IF5XEEFa": {"deaths": "0", "games": "1", "kills": "0", "rank": "816", "scores": "0"}, "pb-IF4BUnQxHw==": {"deaths": "0", "games": "1", "kills": "0", "rank": "437", "scores": "102"}, "pb-IF4PVXYeBg==": {"deaths": "23", "games": "17", "kills": "19", "rank": "40", "scores": "1132"}, "pb-IF4AK0gc": {"deaths": "3", "games": "2", "kills": "2", "rank": "549", "scores": "48"}, "pb-IF5QUnkvKw==": {"deaths": "0", "games": "1", "kills": "0", "rank": "770", "scores": "0"}, "pb-IF42VG1eVg==": {"deaths": "3", "games": "1", "kills": "0", "rank": "752", "scores": "0"}, "pb-IF4XVHExFw==": {"deaths": "0", "games": "1", "kills": "0", "rank": "787", "scores": "0"}, "pb-JiNJARBZUEZHX1hDFUFXUFVFE0ZdRlBA": {"deaths": "0", "games": "1", "kills": "0", "rank": "647", "scores": "4"}, "pb-IF4eVFEMBw==": {"deaths": "0", "games": "1", "kills": "0", "rank": "399", "scores": "121"}, "pb-IF4JVHIkLQ==": {"deaths": "11", "games": "8", "kills": "1", "rank": "354", "scores": "133"}, "pb-IF4TV0s5PQ==": {"deaths": "3", "games": "2", "kills": "3", "rank": "318", "scores": "163"}, "pb-IF4gVGsMAQ==": {"deaths": "3", "games": "3", "kills": "0", "rank": "616", "scores": "15"}, "pb-IF4oUnYyMA==": {"deaths": "0", "games": "2", "kills": "0", "rank": "695", "scores": "2"}, "pb-IF4CUnYNFQ==": {"deaths": "7", "games": "3", "kills": "1", "rank": "193", "scores": "323"}, "pb-IF4sVGNeDg==": {"deaths": "3", "games": "2", "kills": "1", "rank": "448", "scores": "97"}, "pb-IF4cUmw-Dg==": {"deaths": "0", "games": "4", "kills": "0", "rank": "652", "scores": "4"}, "pb-IF4FVGE6AQ==": {"deaths": "3", "games": "3", "kills": "0", "rank": "569", "scores": "37"}, "pb-IF5VV24SHA==": {"deaths": "0", "games": "1", "kills": "0", "rank": "828", "scores": "0"}, "pb-IF5dVWcZEA==": {"deaths": "16", "games": "14", "kills": "5", "rank": "118", "scores": "525"}, "pb-IF4zVUopDQ==": {"deaths": "21", "games": "18", "kills": "7", "rank": "33", "scores": "1301"}, "pb-IF4iVW8zXA==": {"deaths": "9", "games": "5", "kills": "1", "rank": "149", "scores": "414"}, "pb-IF4yVVczBw==": {"deaths": "0", "games": "1", "kills": "0", "rank": "718", "scores": "1"}, "pb-IF4uVGUYVQ==": {"deaths": "11", "games": "5", "kills": "3", "rank": "177", "scores": "358"}, "pb-IF4hVBIvXQ==": {"deaths": "25", "games": "11", "kills": "16", "rank": "86", "scores": "705"}, "pb-IF4cUm4_Jg==": {"deaths": "8", "games": "3", "kills": "0", "rank": "194", "scores": "319"}, "pb-IF4-VGk_BA==": {"deaths": "0", "games": "1", "kills": "0", "rank": "798", "scores": "0"}, "pb-JiNJARBbVkVGWF1JEUFTVlJHEklWR1FG": {"deaths": "31", "games": "15", "kills": "30", "rank": "42", "scores": "1104"}, "pb-IF4oV04kEQ==": {"deaths": "0", "games": "1", "kills": "0", "rank": "876", "scores": "0"}, "pb-IF4tIFcD": {"deaths": "3", "games": "2", "kills": "2", "rank": "338", "scores": "148"}, "pb-IF4vV1oFJw==": {"deaths": "0", "games": "1", "kills": "0", "rank": "894", "scores": "0"}, "pb-IF4PVW8PDA==": {"deaths": "5", "games": "7", "kills": "3", "rank": "114", "scores": "541"}, "pb-IF4lUnUJAQ==": {"deaths": "0", "games": "1", "kills": "0", "rank": "604", "scores": "21"}, "pb-IF4wVHI6Kg==": {"deaths": "0", "games": "1", "kills": "0", "rank": "783", "scores": "0"}, "pb-IF4tUngAUA==": {"deaths": "0", "games": "1", "kills": "0", "rank": "708", "scores": "1"}, "pb-IF4-VHEmAQ==": {"deaths": "0", "games": "1", "kills": "0", "rank": "888", "scores": "0"}, "pb-IF4QVBUGEg==": {"deaths": "3", "games": "5", "kills": "0", "rank": "512", "scores": "67"}, "pb-IF5XV2wbMg==": {"deaths": "22", "games": "12", "kills": "5", "rank": "88", "scores": "694"}, "pb-IF4jUnYhDQ==": {"deaths": "0", "games": "1", "kills": "0", "rank": "466", "scores": "84"}, "pb-IF5UVRcIUA==": {"deaths": "15", "games": "8", "kills": "9", "rank": "145", "scores": "419"}, "pb-IF4FV3cyVw==": {"deaths": "2", "games": "3", "kills": "0", "rank": "642", "scores": "5"}, "pb-IF5SVGkeUA==": {"deaths": "12", "games": "9", "kills": "4", "rank": "223", "scores": "268"}, "pb-IF4VVUYKAQ==": {"deaths": "0", "games": "1", "kills": "0", "rank": "721", "scores": "1"}, "pb-IF4eVxAGDQ==": {"deaths": "106", "games": "153", "kills": "57", "rank": "7", "scores": "7651"}, "pb-IF4KVG0cXA==": {"deaths": "0", "games": "7", "kills": "0", "rank": "636", "scores": "7"}, "pb-IF4lUnEOCg==": {"deaths": "6", "games": "3", "kills": "3", "rank": "339", "scores": "147"}, "pb-IF4LUmESKg==": {"deaths": "0", "games": "1", "kills": "0", "rank": "611", "scores": "19"}, "pb-IF4tV3kOCA==": {"deaths": "0", "games": "3", "kills": "0", "rank": "660", "scores": "3"}, "pb-IF4NV3I6JA==": {"deaths": "6", "games": "3", "kills": "2", "rank": "453", "scores": "93"}, "pb-IF4PV24yPA==": {"deaths": "9", "games": "9", "kills": "2", "rank": "256", "scores": "232"}, "pb-IF5dVWgoLw==": {"deaths": "0", "games": "1", "kills": "0", "rank": "724", "scores": "1"}, "pb-IF4pVBcKKg==": {"deaths": "0", "games": "2", "kills": "0", "rank": "883", "scores": "0"}, "pb-IF4XVVcFUw==": {"deaths": "1", "games": "4", "kills": "1", "rank": "300", "scores": "186"}, "pb-IF4IV0kBEw==": {"deaths": "25", "games": "14", "kills": "6", "rank": "157", "scores": "390"}, "pb-IF4FF2sR": {"deaths": "3", "games": "5", "kills": "0", "rank": "531", "scores": "59"}, "pb-IF4vVGQ4Uw==": {"deaths": "74", "games": "50", "kills": "58", "rank": "24", "scores": "2142"}, "pb-IF4uV0Y7Bg==": {"deaths": "6", "games": "3", "kills": "3", "rank": "360", "scores": "124"}, "pb-IF4sUncmIA==": {"deaths": "0", "games": "1", "kills": "0", "rank": "710", "scores": "1"}, "pb-IF4QVHI4Dg==": {"deaths": "9", "games": "4", "kills": "1", "rank": "235", "scores": "254"}, "pb-IF4xVGM4Ng==": {"deaths": "6", "games": "3", "kills": "0", "rank": "335", "scores": "151"}, "pb-IF5UVRQYAQ==": {"deaths": "2", "games": "1", "kills": "0", "rank": "369", "scores": "121"}, "pb-IF4oVGoZVw==": {"deaths": "18", "games": "7", "kills": "1", "rank": "153", "scores": "398"}, "pb-IF4zV2JdMw==": {"deaths": "156", "games": "126", "kills": "95", "rank": "5", "scores": "8829"}, "pb-IF4rVGFSBA==": {"deaths": "9", "games": "4", "kills": "8", "rank": "207", "scores": "298"}, "pb-IF4qVGY6Mw==": {"deaths": "0", "games": "1", "kills": "0", "rank": "814", "scores": "0"}, "pb-IF43LVM7": {"deaths": "1", "games": "2", "kills": "0", "rank": "643", "scores": "5"}, "pb-IF4uUhcZEQ==": {"deaths": "3", "games": "4", "kills": "1", "rank": "323", "scores": "160"}, "pb-IF4AUnYSDA==": {"deaths": "0", "games": "1", "kills": "0", "rank": "573", "scores": "36"}, "pb-IF4FV1QyMg==": {"deaths": "10", "games": "8", "kills": "23", "rank": "173", "scores": "365"}, "pb-IF4cVBg4PA==": {"deaths": "0", "games": "1", "kills": "0", "rank": "906", "scores": "0"}, "pb-IF4vPGNf": {"deaths": "0", "games": "3", "kills": "0", "rank": "685", "scores": "2"}, "pb-JiNJARBaXEVHVFxDFUVSXVxCEUdXQFlK": {"deaths": "9", "games": "4", "kills": "4", "rank": "220", "scores": "275"}, "pb-IF4XUnpTVw==": {"deaths": "0", "games": "1", "kills": "0", "rank": "486", "scores": "77"}, "pb-IF4lVGpcFg==": {"deaths": "11", "games": "11", "kills": "8", "rank": "233", "scores": "256"}, "pb-IF42UmwkPQ==": {"deaths": "0", "games": "1", "kills": "0", "rank": "500", "scores": "70"}, "pb-IF4-UngNBw==": {"deaths": "0", "games": "1", "kills": "0", "rank": "390", "scores": "121"}, "pb-IF4BVGsREw==": {"deaths": "0", "games": "3", "kills": "0", "rank": "846", "scores": "0"}, "pb-IF5dUnUOIw==": {"deaths": "2", "games": "1", "kills": "0", "rank": "492", "scores": "75"}, "pb-IF41VG0EHQ==": {"deaths": "0", "games": "1", "kills": "0", "rank": "383", "scores": "121"}, "pb-IF4RUnggAA==": {"deaths": "0", "games": "3", "kills": "0", "rank": "658", "scores": "3"}, "pb-IF4hVVcZJg==": {"deaths": "20", "games": "8", "kills": "4", "rank": "74", "scores": "772"}, "pb-IF4RUnYPUg==": {"deaths": "0", "games": "1", "kills": "0", "rank": "712", "scores": "1"}, "pb-IF41UnMNIg==": {"deaths": "8", "games": "3", "kills": "0", "rank": "307", "scores": "178"}, "pb-LV4FVBhbVkQRWQ5ARBdQAFRKFQ==": {"deaths": "4", "games": "5", "kills": "6", "rank": "535", "scores": "56"}, "pb-IF48VHI8Jw==": {"deaths": "0", "games": "1", "kills": "0", "rank": "861", "scores": "0"}, "pb-IF4KUmwNNg==": {"deaths": "22", "games": "23", "kills": "14", "rank": "26", "scores": "1791"}, "pb-IF4HUmoDAQ==": {"deaths": "1", "games": "5", "kills": "0", "rank": "630", "scores": "9"}, "pb-IF4pIWYI": {"deaths": "12", "games": "8", "kills": "9", "rank": "211", "scores": "294"}, "pb-IF5cUnUxLA==": {"deaths": "0", "games": "3", "kills": "0", "rank": "656", "scores": "3"}, "pb-IF4eUngAAQ==": {"deaths": "1", "games": "2", "kills": "1", "rank": "507", "scores": "68"}, "pb-IF42VGQ6Ng==": {"deaths": "0", "games": "1", "kills": "0", "rank": "847", "scores": "0"}, "pb-IF4TVW8MCA==": {"deaths": "2", "games": "3", "kills": "2", "rank": "426", "scores": "110"}, "pb-IF5cUnMnKg==": {"deaths": "0", "games": "3", "kills": "0", "rank": "657", "scores": "3"}, "pb-IF43VGw6Dw==": {"deaths": "4", "games": "4", "kills": "1", "rank": "572", "scores": "36"}, "pb-IF4qVVVfAA==": {"deaths": "13", "games": "8", "kills": "13", "rank": "100", "scores": "662"}, "pb-IF4GV1QTMw==": {"deaths": "0", "games": "2", "kills": "0", "rank": "829", "scores": "0"}, "pb-IF4dUnYIXA==": {"deaths": "4", "games": "7", "kills": "5", "rank": "197", "scores": "316"}, "pb-IF4QUmgiJw==": {"deaths": "0", "games": "2", "kills": "0", "rank": "494", "scores": "74"}, "pb-IF4vUnAAAA==": {"deaths": "0", "games": "3", "kills": "0", "rank": "200", "scores": "313"}, "pb-IF5RVBg_Fg==": {"deaths": "6", "games": "3", "kills": "1", "rank": "331", "scores": "155"}, "pb-IF4eUndeLw==": {"deaths": "0", "games": "1", "kills": "0", "rank": "377", "scores": "121"}, "pb-IF42V1keHQ==": {"deaths": "31", "games": "20", "kills": "22", "rank": "81", "scores": "740"}, "pb-IF4BVHJbVQ==": {"deaths": "0", "games": "1", "kills": "0", "rank": "781", "scores": "0"}, "pb-JiNJARFfXUFAXl5IGEJWXVxDGUheR1lF": {"deaths": "290", "games": "174", "kills": "221", "rank": "3", "scores": "13263"}, "pb-IF4dVBkJXQ==": {"deaths": "0", "games": "1", "kills": "0", "rank": "897", "scores": "0"}, "pb-IF4FV2g6Aw==": {"deaths": "13", "games": "7", "kills": "4", "rank": "214", "scores": "285"}, "pb-IF5RVVYzIg==": {"deaths": "2", "games": "1", "kills": "1", "rank": "506", "scores": "68"}, "pb-IF5UUnpfUA==": {"deaths": "9", "games": "5", "kills": "4", "rank": "172", "scores": "366"}, "pb-IF4rUhYYPA==": {"deaths": "0", "games": "16", "kills": "0", "rank": "615", "scores": "16"}, "pb-IF4IVVRTDw==": {"deaths": "0", "games": "1", "kills": "0", "rank": "750", "scores": "1"}, "pb-IF4uVRQ5XQ==": {"deaths": "0", "games": "4", "kills": "0", "rank": "653", "scores": "4"}, "pb-IF4VUnccAw==": {"deaths": "0", "games": "1", "kills": "0", "rank": "771", "scores": "0"}, "pb-IF4LUnk9KA==": {"deaths": "8", "games": "4", "kills": "1", "rank": "201", "scores": "312"}, "pb-IF4PUnglEw==": {"deaths": "2", "games": "4", "kills": "0", "rank": "281", "scores": "203"}, "pb-IF4XVVNaLQ==": {"deaths": "0", "games": "1", "kills": "0", "rank": "720", "scores": "1"}, "pb-IF43VHAjVA==": {"deaths": "0", "games": "1", "kills": "0", "rank": "890", "scores": "0"}, "pb-IF4uVGETHw==": {"deaths": "0", "games": "1", "kills": "0", "rank": "412", "scores": "118"}, "pb-IF4sD1cb": {"deaths": "0", "games": "1", "kills": "0", "rank": "738", "scores": "1"}, "pb-IF4vVUUqJg==": {"deaths": "0", "games": "1", "kills": "0", "rank": "739", "scores": "1"}, "pb-IF4NMXMq": {"deaths": "3", "games": "2", "kills": "0", "rank": "538", "scores": "54"}, "pb-IF4QVGxcFA==": {"deaths": "0", "games": "2", "kills": "0", "rank": "794", "scores": "0"}, "pb-JiNJARBaU0JBW1tDFkJXUVNEGERZQVFE": {"deaths": "12", "games": "6", "kills": "3", "rank": "252", "scores": "239"}, "pb-IF4CVEkkEQ==": {"deaths": "0", "games": "4", "kills": "0", "rank": "651", "scores": "4"}, "pb-IF4HBGgm": {"deaths": "8", "games": "6", "kills": "4", "rank": "416", "scores": "116"}, "pb-IF4vV0cGAw==": {"deaths": "12", "games": "5", "kills": "3", "rank": "299", "scores": "188"}, "pb-IF4pVGpbKg==": {"deaths": "5", "games": "3", "kills": "5", "rank": "314", "scores": "167"}, "pb-IF4XVHE8HA==": {"deaths": "0", "games": "1", "kills": "0", "rank": "788", "scores": "0"}, "pb-IF48UnhdKA==": {"deaths": "10", "games": "5", "kills": "2", "rank": "110", "scores": "572"}, "pb-IF5WV1QTMg==": {"deaths": "0", "games": "2", "kills": "0", "rank": "833", "scores": "0"}, "pb-IF4pVGlZEg==": {"deaths": "3", "games": "3", "kills": "1", "rank": "516", "scores": "66"}, "pb-IF4uUnYtUA==": {"deaths": "0", "games": "2", "kills": "0", "rank": "675", "scores": "2"}, "pb-IF4DV3QoUg==": {"deaths": "0", "games": "1", "kills": "0", "rank": "873", "scores": "0"}, "pb-IF5cVW0CMg==": {"deaths": "5", "games": "2", "kills": "3", "rank": "267", "scores": "216"}, "pb-IF4hUhFYUw==": {"deaths": "5", "games": "2", "kills": "3", "rank": "277", "scores": "208"}, "pb-IF4RVGsxPA==": {"deaths": "33", "games": "22", "kills": "12", "rank": "46", "scores": "1064"}, "pb-IF5RVHAfEw==": {"deaths": "0", "games": "1", "kills": "0", "rank": "835", "scores": "0"}, "pb-IF4IUmYdBw==": {"deaths": "6", "games": "3", "kills": "2", "rank": "255", "scores": "236"}, "pb-IF4RV1cOBg==": {"deaths": "0", "games": "1", "kills": "0", "rank": "869", "scores": "0"}, "pb-IF4gUmQeKQ==": {"deaths": "0", "games": "1", "kills": "0", "rank": "370", "scores": "121"}, "pb-IF4-VWwfPA==": {"deaths": "7", "games": "4", "kills": "0", "rank": "209", "scores": "297"}, "pb-IF4uUhkfXA==": {"deaths": "0", "games": "2", "kills": "0", "rank": "697", "scores": "2"}, "pb-IF5TVVIuJg==": {"deaths": "0", "games": "1", "kills": "0", "rank": "526", "scores": "61"}, "pb-IF5XUhUMDA==": {"deaths": "0", "games": "1", "kills": "0", "rank": "380", "scores": "121"}, "pb-IF4WV2cpMw==": {"deaths": "5", "games": "6", "kills": "14", "rank": "324", "scores": "159"}, "pb-JiNJARBeVEVGXFtFFEFRUVVFGUlfRlJB": {"deaths": "8", "games": "5", "kills": "14", "rank": "266", "scores": "217"}, "pb-IF40UnFYJA==": {"deaths": "0", "games": "1", "kills": "0", "rank": "468", "scores": "84"}, "pb-IF4KVHIxHQ==": {"deaths": "0", "games": "1", "kills": "0", "rank": "839", "scores": "0"}, "pb-IF4BVGM-Aw==": {"deaths": "2", "games": "2", "kills": "0", "rank": "620", "scores": "14"}, "pb-JiNJARFcXEpCVFZDEEZYVFdAGUNWRlNB": {"deaths": "3", "games": "2", "kills": "0", "rank": "427", "scores": "110"}, "pb-IF4rUnoKDw==": {"deaths": "0", "games": "2", "kills": "0", "rank": "672", "scores": "2"}, "pb-IF4JV2wGPw==": {"deaths": "0", "games": "2", "kills": "0", "rank": "669", "scores": "2"}, "pb-IF4zUmcbLA==": {"deaths": "0", "games": "2", "kills": "0", "rank": "451", "scores": "96"}, "pb-IF4hV0tZMA==": {"deaths": "9", "games": "8", "kills": "11", "rank": "230", "scores": "258"}, "pb-JiNJARFaVUpBXlZBFUFSVFVHFUNXR1NB": {"deaths": "6", "games": "4", "kills": "9", "rank": "271", "scores": "212"}, "pb-IF4UV08jNw==": {"deaths": "8", "games": "4", "kills": "5", "rank": "285", "scores": "200"}, "pb-IF4JVW4sLw==": {"deaths": "0", "games": "1", "kills": "0", "rank": "449", "scores": "97"}, "pb-IF4uV0YzDg==": {"deaths": "25", "games": "22", "kills": "34", "rank": "95", "scores": "680"}, "pb-IF4GUnoxKg==": {"deaths": "0", "games": "1", "kills": "0", "rank": "402", "scores": "121"}, "pb-IF4VVGQbIQ==": {"deaths": "21", "games": "9", "kills": "9", "rank": "65", "scores": "879"}, "pb-IF40VHI_LQ==": {"deaths": "3", "games": "2", "kills": "0", "rank": "430", "scores": "107"}, "pb-IF4iVXgeHQ==": {"deaths": "4", "games": "6", "kills": "0", "rank": "120", "scores": "504"}, "pb-IF42EVBb": {"deaths": "0", "games": "3", "kills": "0", "rank": "253", "scores": "239"}, "pb-IF4QUnY-": {"deaths": "4", "games": "4", "kills": "4", "rank": "542", "scores": "51"}, "pb-IF4dVGoZLw==": {"deaths": "0", "games": "1", "kills": "0", "rank": "796", "scores": "0"}, "pb-IF4TAUUB": {"deaths": "0", "games": "1", "kills": "0", "rank": "817", "scores": "0"}, "pb-LV4FAxQKB0dAWF1CExVYAAFKFA==": {"deaths": "92", "games": "44", "kills": "54", "rank": "17", "scores": "2741"}, "pb-IF4wVBIEMw==": {"deaths": "0", "games": "1", "kills": "0", "rank": "807", "scores": "0"}, "pb-IF4QUhETVQ==": {"deaths": "0", "games": "1", "kills": "0", "rank": "742", "scores": "1"}, "pb-IF4FUnddMQ==": {"deaths": "3", "games": "4", "kills": "0", "rank": "270", "scores": "213"}, "pb-IF5QVVYaPA==": {"deaths": "0", "games": "1", "kills": "0", "rank": "443", "scores": "99"}, "pb-IF5RVXMNJw==": {"deaths": "0", "games": "1", "kills": "0", "rank": "747", "scores": "1"}, "pb-IF4xUnkcVw==": {"deaths": "0", "games": "1", "kills": "0", "rank": "525", "scores": "61"}, "pb-IF4MUnhfNg==": {"deaths": "0", "games": "1", "kills": "0", "rank": "729", "scores": "1"}, "pb-IF4dVBkHBw==": {"deaths": "0", "games": "1", "kills": "0", "rank": "805", "scores": "0"}, "pb-IF4eXnIg": {"deaths": "31", "games": "15", "kills": "0", "rank": "87", "scores": "695"}, "pb-IF4IVGwIKg==": {"deaths": "3", "games": "2", "kills": "0", "rank": "475", "scores": "81"}, "pb-IF4jUmIeAg==": {"deaths": "3", "games": "2", "kills": "4", "rank": "296", "scores": "191"}, "pb-JiNJARBTXEJEXV9BGENRXFVGGUNfQ1FA": {"deaths": "9", "games": "5", "kills": "9", "rank": "254", "scores": "237"}, "pb-IF4-VBYKMQ==": {"deaths": "3", "games": "1", "kills": "2", "rank": "521", "scores": "62"}, "pb-IF4lUmcZIQ==": {"deaths": "0", "games": "4", "kills": "0", "rank": "362", "scores": "124"}, "pb-IF4rV1QqKg==": {"deaths": "0", "games": "1", "kills": "0", "rank": "603", "scores": "21"}, "pb-IF4uUnkDPw==": {"deaths": "0", "games": "1", "kills": "0", "rank": "591", "scores": "28"}, "pb-JiNJARBdVkpGXlpCGEJUXVBDGEVeRVdH": {"deaths": "12", "games": "5", "kills": "4", "rank": "189", "scores": "330"}, "pb-IF4xV21dCg==": {"deaths": "37", "games": "15", "kills": "16", "rank": "57", "scores": "919"}, "pb-IF5cV1YsUA==": {"deaths": "0", "games": "4", "kills": "0", "rank": "435", "scores": "102"}, "pb-IF4tVHI8PA==": {"deaths": "6", "games": "4", "kills": "3", "rank": "340", "scores": "145"}, "pb-IF4iVGkAKg==": {"deaths": "0", "games": "1", "kills": "0", "rank": "797", "scores": "0"}, "pb-IF4PVWojNA==": {"deaths": "12", "games": "9", "kills": "8", "rank": "59", "scores": "912"}, "pb-IF4yUmcdPw==": {"deaths": "0", "games": "1", "kills": "0", "rank": "467", "scores": "84"}, "pb-IF4BUhcxUw==": {"deaths": "54", "games": "39", "kills": "24", "rank": "18", "scores": "2392"}, "pb-IF4dUnUcEg==": {"deaths": "0", "games": "1", "kills": "0", "rank": "378", "scores": "121"}, "pb-IF4oUnM4Cw==": {"deaths": "0", "games": "2", "kills": "0", "rank": "692", "scores": "2"}, "pb-IF4TVXUONA==": {"deaths": "0", "games": "1", "kills": "0", "rank": "546", "scores": "50"}, "pb-IF4lVHIzFg==": {"deaths": "0", "games": "1", "kills": "0", "rank": "779", "scores": "0"}, "pb-IF4MUnkHDA==": {"deaths": "13", "games": "4", "kills": "1", "rank": "140", "scores": "434"}, "pb-JiNJARFZVUpBWVhHEkRUV1BFGUVaRlBC": {"deaths": "10", "games": "6", "kills": "1", "rank": "328", "scores": "158"}, "pb-IF4wVGlbLA==": {"deaths": "3", "games": "7", "kills": "0", "rank": "343", "scores": "143"}, "pb-IF4MV1oNMg==": {"deaths": "0", "games": "1", "kills": "0", "rank": "373", "scores": "121"}, "pb-IF4cVxdTHw==": {"deaths": "30", "games": "14", "kills": "19", "rank": "56", "scores": "941"}, "pb-JiNJARBcUENIW1dAGENZUFBBF0haT1RK": {"deaths": "0", "games": "2", "kills": "0", "rank": "701", "scores": "2"}, "pb-IF4jVUhYBg==": {"deaths": "2", "games": "2", "kills": "1", "rank": "274", "scores": "209"}, "pb-IF4JVHAPFA==": {"deaths": "3", "games": "2", "kills": "0", "rank": "577", "scores": "33"}, "pb-IF4PUnIRLw==": {"deaths": "0", "games": "6", "kills": "0", "rank": "639", "scores": "6"}, "pb-IF4TVGclXA==": {"deaths": "0", "games": "24", "kills": "0", "rank": "567", "scores": "38"}, "pb-IF48VGsyAA==": {"deaths": "23", "games": "11", "kills": "15", "rank": "97", "scores": "671"}, "pb-IF5dUm4mCg==": {"deaths": "0", "games": "1", "kills": "0", "rank": "706", "scores": "1"}, "pb-IF5cVGI8Jg==": {"deaths": "0", "games": "1", "kills": "0", "rank": "848", "scores": "0"}, "pb-IF42Unc-Dw==": {"deaths": "0", "games": "1", "kills": "0", "rank": "824", "scores": "0"}, "pb-IF4nVGodNQ==": {"deaths": "0", "games": "1", "kills": "0", "rank": "896", "scores": "0"}, "pb-IF4RVXMaMQ==": {"deaths": "9", "games": "3", "kills": "2", "rank": "242", "scores": "249"}, "pb-JiNJARFaXUVIVVlHEkZQXFdDFkNYQVNL": {"deaths": "0", "games": "1", "kills": "0", "rank": "836", "scores": "0"}, "pb-IF4yUhQJNA==": {"deaths": "0", "games": "1", "kills": "0", "rank": "719", "scores": "1"}, "pb-IF4UVGIALA==": {"deaths": "21", "games": "10", "kills": "7", "rank": "101", "scores": "655"}, "pb-IF48VEIsMQ==": {"deaths": "0", "games": "1", "kills": "0", "rank": "397", "scores": "121"}, "pb-IF4gUnY7Nw==": {"deaths": "5", "games": "2", "kills": "0", "rank": "265", "scores": "218"}, "pb-IF4tVHEuPA==": {"deaths": "6", "games": "3", "kills": "1", "rank": "457", "scores": "90"}, "pb-IF5SHBUm": {"deaths": "16", "games": "11", "kills": "40", "rank": "104", "scores": "618"}, "pb-IF4IUngTFQ==": {"deaths": "0", "games": "5", "kills": "0", "rank": "645", "scores": "5"}, "pb-IF4pV1QRBg==": {"deaths": "1", "games": "2", "kills": "3", "rank": "556", "scores": "43"}, "pb-IF5UVU8vKw==": {"deaths": "0", "games": "6", "kills": "0", "rank": "640", "scores": "6"}, "pb-IF5WUhlbAQ==": {"deaths": "27", "games": "13", "kills": "3", "rank": "39", "scores": "1176"}, "pb-IF4oL3hc": {"deaths": "0", "games": "1", "kills": "0", "rank": "766", "scores": "0"}, "pb-IF4uVHINIw==": {"deaths": "0", "games": "1", "kills": "0", "rank": "774", "scores": "0"}, "pb-IF4yVEVcCw==": {"deaths": "10", "games": "9", "kills": "25", "rank": "75", "scores": "762"}, "pb-IF4WVG0kLg==": {"deaths": "13", "games": "7", "kills": "8", "rank": "155", "scores": "393"}, "pb-IF4iVHIJJA==": {"deaths": "9", "games": "3", "kills": "1", "rank": "278", "scores": "207"}, "pb-IF4vVVgCMw==": {"deaths": "0", "games": "2", "kills": "0", "rank": "533", "scores": "58"}, "pb-IF4uVVYTFA==": {"deaths": "0", "games": "6", "kills": "0", "rank": "372", "scores": "121"}, "pb-JiNJARFeVkZDVFhEGENTVVdCEEhbRFRK": {"deaths": "26", "games": "74", "kills": "0", "rank": "126", "scores": "464"}, "pb-IF4eVBg8Lw==": {"deaths": "0", "games": "1", "kills": "0", "rank": "403", "scores": "121"}, "pb-IF4yIhcH": {"deaths": "2", "games": "2", "kills": "2", "rank": "588", "scores": "29"}, "pb-IF4XV3JaUw==": {"deaths": "14", "games": "9", "kills": "34", "rank": "105", "scores": "616"}, "pb-IF4cUnclVA==": {"deaths": "1", "games": "2", "kills": "0", "rank": "523", "scores": "62"}, "pb-JiNJARBaUEBEVVZFF0NWUVZBE0leQFVC": {"deaths": "3", "games": "2", "kills": "0", "rank": "595", "scores": "25"}, "pb-JiNJVxBZU0BHWFhCGUNQXVVBFUNZQlhL": {"deaths": "2", "games": "2", "kills": "0", "rank": "623", "scores": "13"}, "pb-IF4PVVUmKw==": {"deaths": "9", "games": "1", "kills": "2", "rank": "236", "scores": "252"}, "pb-IF4-VGMmHQ==": {"deaths": "0", "games": "1", "kills": "0", "rank": "863", "scores": "0"}, "pb-JiNJARFYUENJXlxFFERXVVVBGEldRVFL": {"deaths": "1", "games": "2", "kills": "0", "rank": "628", "scores": "11"}, "pb-IF4QUmgIPw==": {"deaths": "4", "games": "4", "kills": "3", "rank": "228", "scores": "259"}, "pb-IF4HVWJTNg==": {"deaths": "1", "games": "3", "kills": "0", "rank": "422", "scores": "113"}, "pb-IF41UmgSUQ==": {"deaths": "18", "games": "5", "kills": "7", "rank": "152", "scores": "402"}, "pb-IF5XUmsaLw==": {"deaths": "4", "games": "2", "kills": "2", "rank": "287", "scores": "200"}, "pb-IF4eV3YPKg==": {"deaths": "0", "games": "1", "kills": "0", "rank": "401", "scores": "121"}, "pb-IF48V3hTFg==": {"deaths": "0", "games": "3", "kills": "1", "rank": "601", "scores": "21"}, "pb-IF4VV1QaEw==": {"deaths": "27", "games": "36", "kills": "25", "rank": "68", "scores": "861"}, "pb-IF4uVGRSUA==": {"deaths": "0", "games": "2", "kills": "0", "rank": "295", "scores": "192"}, "pb-IF4jAWcz": {"deaths": "16", "games": "10", "kills": "2", "rank": "169", "scores": "370"}, "pb-IF4JUmMjMw==": {"deaths": "0", "games": "1", "kills": "0", "rank": "472", "scores": "82"}, "pb-IF4PVWIHJA==": {"deaths": "25", "games": "9", "kills": "17", "rank": "53", "scores": "973"}, "pb-IF4HM0Fb": {"deaths": "14", "games": "8", "kills": "13", "rank": "158", "scores": "389"}, "pb-IF5WVxMhEQ==": {"deaths": "3", "games": "2", "kills": "0", "rank": "476", "scores": "81"}, "pb-JiNJVxFZVkpHVVlGFkZVU11BFERdQ1ND": {"deaths": "2", "games": "2", "kills": "0", "rank": "596", "scores": "24"}, "pb-IF4iUmEt": {"deaths": "0", "games": "2", "kills": "0", "rank": "741", "scores": "1"}, "pb-IF4eVWwkHw==": {"deaths": "0", "games": "3", "kills": "0", "rank": "662", "scores": "3"}, "pb-IF4NVBcRJw==": {"deaths": "0", "games": "2", "kills": "0", "rank": "632", "scores": "9"}, "pb-JiNJARFZVkFIX1ZEEURQUVJAF0hbRVdA": {"deaths": "0", "games": "1", "kills": "0", "rank": "885", "scores": "0"}, "pb-IF4WV2EnCQ==": {"deaths": "27", "games": "16", "kills": "12", "rank": "61", "scores": "901"}, "pb-JiNJARFZVkVAW1ZCEE9QVlBDGEFfT1BD": {"deaths": "0", "games": "1", "kills": "0", "rank": "758", "scores": "0"}, "pb-IF4SUngiIQ==": {"deaths": "0", "games": "1", "kills": "0", "rank": "709", "scores": "1"}, "pb-IF48AWkB": {"deaths": "10", "games": "5", "kills": "5", "rank": "231", "scores": "258"}, "pb-IF4PV0gfUw==": {"deaths": "0", "games": "2", "kills": "0", "rank": "684", "scores": "2"}, "pb-IF5RV3ozAw==": {"deaths": "0", "games": "2", "kills": "1", "rank": "613", "scores": "16"}, "pb-IF4zVGIELQ==": {"deaths": "5", "games": "7", "kills": "2", "rank": "441", "scores": "99"}, "pb-IF4eVHNeEg==": {"deaths": "0", "games": "1", "kills": "0", "rank": "773", "scores": "0"}, "pb-IF4MN0Ei": {"deaths": "0", "games": "1", "kills": "0", "rank": "819", "scores": "0"}, "pb-IF4NVE8EPQ==": {"deaths": "1", "games": "3", "kills": "1", "rank": "210", "scores": "296"}, "pb-IF4mUncABw==": {"deaths": "0", "games": "1", "kills": "0", "rank": "552", "scores": "47"}, "pb-IF4DUmstKA==": {"deaths": "6", "games": "4", "kills": "1", "rank": "227", "scores": "261"}, "pb-IF4PVHAEKQ==": {"deaths": "0", "games": "1", "kills": "0", "rank": "791", "scores": "0"}, "pb-IF4pUnM8Ag==": {"deaths": "2", "games": "5", "kills": "0", "rank": "578", "scores": "33"}, "pb-IF4dUnFfDQ==": {"deaths": "1", "games": "3", "kills": "1", "rank": "260", "scores": "228"}, "pb-IF4KUnklFg==": {"deaths": "5", "games": "2", "kills": "1", "rank": "301", "scores": "185"}, "pb-IF4hVGwAXQ==": {"deaths": "2", "games": "2", "kills": "2", "rank": "584", "scores": "30"}, "pb-IF49KGQM": {"deaths": "0", "games": "1", "kills": "0", "rank": "898", "scores": "0"}, "pb-IF4OV1UyPw==": {"deaths": "0", "games": "1", "kills": "0", "rank": "808", "scores": "0"}, "pb-IF4tJxcY": {"deaths": "0", "games": "3", "kills": "6", "rank": "487", "scores": "76"}, "pb-IF4NVWkHVA==": {"deaths": "0", "games": "2", "kills": "0", "rank": "686", "scores": "2"}, "pb-IF4wVBdTAg==": {"deaths": "0", "games": "1", "kills": "0", "rank": "806", "scores": "0"}, "pb-IF4UCHUi": {"deaths": "6", "games": "4", "kills": "10", "rank": "237", "scores": "251"}, "pb-IF4dV20dEQ==": {"deaths": "6", "games": "4", "kills": "0", "rank": "495", "scores": "73"}, "pb-IF4FVG48Kg==": {"deaths": "0", "games": "1", "kills": "0", "rank": "793", "scores": "0"}, "pb-IF5cVG8PUQ==": {"deaths": "3", "games": "3", "kills": "0", "rank": "504", "scores": "69"}, "pb-IF4gUhgaLA==": {"deaths": "0", "games": "1", "kills": "0", "rank": "471", "scores": "82"}, "pb-ND0oSxNTUBZGClZEDU8EVgNfEUEKQEwRAVAQRgFDFVwLSRZAAlABQQ==": {"deaths": "5", "games": "3", "kills": "0", "rank": "558", "scores": "42"}, "pb-IF4uVWQmPw==": {"deaths": "45", "games": "29", "kills": "9", "rank": "16", "scores": "2821"}, "pb-IF4NV1k9Kg==": {"deaths": "19", "games": "13", "kills": "7", "rank": "90", "scores": "692"}, "pb-IF4HVHIpHQ==": {"deaths": "0", "games": "1", "kills": "0", "rank": "785", "scores": "0"}, "pb-IF4dV1EFDA==": {"deaths": "3", "games": "3", "kills": "2", "rank": "555", "scores": "45"}, "pb-IF4JUncjUQ==": {"deaths": "0", "games": "1", "kills": "0", "rank": "482", "scores": "79"}, "pb-IF4-UmkqMQ==": {"deaths": "8", "games": "6", "kills": "5", "rank": "103", "scores": "634"}, "pb-IF4KVWkkEA==": {"deaths": "135", "games": "98", "kills": "228", "rank": "6", "scores": "7961"}, "pb-IF5XUnkyCA==": {"deaths": "0", "games": "4", "kills": "0", "rank": "356", "scores": "133"}, "pb-IF4tV2M7VA==": {"deaths": "45", "games": "30", "kills": "31", "rank": "38", "scores": "1181"}, "pb-IF41VFIqIA==": {"deaths": "29", "games": "12", "kills": "15", "rank": "37", "scores": "1184"}, "pb-IF5VVGsgVQ==": {"deaths": "0", "games": "1", "kills": "0", "rank": "799", "scores": "0"}, "pb-IF4LVGYPLw==": {"deaths": "0", "games": "1", "kills": "0", "rank": "800", "scores": "0"}, "pb-JiNJARFcUkNCWl1JE09TXFZLE0ZXRVNL": {"deaths": "1", "games": "1", "kills": "0", "rank": "631", "scores": "9"}, "pb-IF5QVVQCLw==": {"deaths": "1", "games": "3", "kills": "3", "rank": "332", "scores": "153"}, "pb-IF4nVHAMJA==": {"deaths": "0", "games": "1", "kills": "0", "rank": "875", "scores": "0"}, "pb-IF4QUm4jCQ==": {"deaths": "0", "games": "1", "kills": "0", "rank": "600", "scores": "22"}, "pb-IF4rVHISJA==": {"deaths": "12", "games": "5", "kills": "1", "rank": "239", "scores": "251"}, "pb-IF4-VWoIKg==": {"deaths": "0", "games": "1", "kills": "0", "rank": "386", "scores": "121"}, "pb-IF4GVHARKQ==": {"deaths": "3", "games": "2", "kills": "0", "rank": "545", "scores": "50"}, "pb-IF5TVHJeEw==": {"deaths": "21", "games": "35", "kills": "3", "rank": "245", "scores": "244"}, "pb-IF4lUnpbEQ==": {"deaths": "3", "games": "2", "kills": "0", "rank": "350", "scores": "139"}, "pb-IF4iUnkDJw==": {"deaths": "6", "games": "3", "kills": "2", "rank": "221", "scores": "274"}, "pb-JiNJARBYVEFHWVxJGEdZVldKFEZcQFhE": {"deaths": "0", "games": "1", "kills": "0", "rank": "841", "scores": "0"}, "pb-IF4CVHU-Nw==": {"deaths": "9", "games": "5", "kills": "1", "rank": "216", "scores": "282"}, "pb-IF4PVXldAA==": {"deaths": "0", "games": "1", "kills": "0", "rank": "404", "scores": "121"}, "pb-IF4PV0oyJA==": {"deaths": "0", "games": "1", "kills": "0", "rank": "845", "scores": "0"}, "pb-IF4jVXM5DA==": {"deaths": "1", "games": "6", "kills": "3", "rank": "163", "scores": "386"}, "pb-IF4AUngaVA==": {"deaths": "6", "games": "2", "kills": "4", "rank": "288", "scores": "199"}, "pb-IF4qUhkRJw==": {"deaths": "5", "games": "4", "kills": "1", "rank": "132", "scores": "445"}, "pb-IF4iUmIGUQ==": {"deaths": "7", "games": "5", "kills": "5", "rank": "128", "scores": "458"}, "pb-IF4jVEodDg==": {"deaths": "19", "games": "12", "kills": "15", "rank": "98", "scores": "671"}, "pb-IF42VG9fPw==": {"deaths": "3", "games": "2", "kills": "0", "rank": "425", "scores": "111"}, "pb-IF4vUm0KFg==": {"deaths": "0", "games": "1", "kills": "0", "rank": "751", "scores": "1"}, "pb-IF4GUhU8Fw==": {"deaths": "0", "games": "1", "kills": "0", "rank": "393", "scores": "121"}, "pb-IF5WVHM5Jw==": {"deaths": "1", "games": "2", "kills": "2", "rank": "589", "scores": "29"}, "pb-IF4tVBIGIw==": {"deaths": "13", "games": "9", "kills": "1", "rank": "311", "scores": "171"}, "pb-IF4lVUQqAg==": {"deaths": "0", "games": "1", "kills": "0", "rank": "722", "scores": "1"}, "pb-IF4qNWI=": {"deaths": "16", "games": "9", "kills": "5", "rank": "202", "scores": "311"}, "pb-IF4xV0o5LQ==": {"deaths": "0", "games": "1", "kills": "0", "rank": "811", "scores": "0"}, "pb-IF4eUngGLw==": {"deaths": "0", "games": "2", "kills": "0", "rank": "698", "scores": "2"}, "pb-IF4jV2EhFg==": {"deaths": "1", "games": "3", "kills": "2", "rank": "585", "scores": "30"}, "pb-IF43VEIcXQ==": {"deaths": "0", "games": "2", "kills": "0", "rank": "689", "scores": "2"}, "pb-IF4WVHIkFw==": {"deaths": "6", "games": "3", "kills": "0", "rank": "351", "scores": "138"}, "pb-IF4tUncGXQ==": {"deaths": "5", "games": "3", "kills": "0", "rank": "325", "scores": "159"}, "pb-IF4GVHNZNw==": {"deaths": "0", "games": "1", "kills": "0", "rank": "891", "scores": "0"}, "pb-IF4rVG8yFg==": {"deaths": "16", "games": "8", "kills": "1", "rank": "107", "scores": "601"}, "pb-IF4gVG8bHw==": {"deaths": "0", "games": "1", "kills": "0", "rank": "903", "scores": "0"}, "pb-IF4uVXA8Uw==": {"deaths": "17", "games": "7", "kills": "8", "rank": "119", "scores": "504"}, "pb-IF4vVGxYDQ==": {"deaths": "21", "games": "26", "kills": "9", "rank": "165", "scores": "380"}, "pb-IF4BUhA7Jg==": {"deaths": "13", "games": "17", "kills": "8", "rank": "50", "scores": "1024"}, "pb-IF5XUnkCDw==": {"deaths": "6", "games": "3", "kills": "0", "rank": "225", "scores": "262"}, "pb-IF4hV1opEw==": {"deaths": "12", "games": "8", "kills": "11", "rank": "174", "scores": "365"}, "pb-IF5XVBcvJg==": {"deaths": "3", "games": "2", "kills": "1", "rank": "244", "scores": "247"}, "pb-IF49VVgjAQ==": {"deaths": "4", "games": "3", "kills": "0", "rank": "364", "scores": "123"}, "pb-IF41V21ZVA==": {"deaths": "10", "games": "5", "kills": "4", "rank": "190", "scores": "325"}, "pb-JiNJARBbXEtCWV1BGU5RUVNLF0FcRVFC": {"deaths": "6", "games": "3", "kills": "2", "rank": "342", "scores": "143"}, "pb-IF4yV08ZXA==": {"deaths": "21", "games": "11", "kills": "14", "rank": "99", "scores": "664"}, "pb-IF42M0oM": {"deaths": "0", "games": "2", "kills": "0", "rank": "705", "scores": "1"}, "pb-IF5UUmMnNw==": {"deaths": "0", "games": "1", "kills": "0", "rank": "570", "scores": "37"}, "pb-IF4cVHEMCA==": {"deaths": "0", "games": "1", "kills": "0", "rank": "852", "scores": "0"}, "pb-IF4AUnoqMg==": {"deaths": "0", "games": "1", "kills": "0", "rank": "396", "scores": "121"}, "pb-IF4jVHEdMg==": {"deaths": "0", "games": "1", "kills": "0", "rank": "825", "scores": "0"}, "pb-IF40UnkiDg==": {"deaths": "2", "games": "2", "kills": "0", "rank": "411", "scores": "119"}, "pb-IF4iUnlfFA==": {"deaths": "0", "games": "1", "kills": "0", "rank": "461", "scores": "88"}, "pb-IF4pPnIi": {"deaths": "0", "games": "1", "kills": "0", "rank": "759", "scores": "0"}, "pb-IF4AVGwOEw==": {"deaths": "3", "games": "2", "kills": "0", "rank": "580", "scores": "32"}, "pb-IF4DV3QiCg==": {"deaths": "3", "games": "2", "kills": "2", "rank": "474", "scores": "81"}, "pb-IF41VXBbPw==": {"deaths": "0", "games": "1", "kills": "0", "rank": "723", "scores": "1"}, "pb-IF4PUnc5Ig==": {"deaths": "0", "games": "3", "kills": "0", "rank": "659", "scores": "3"}, "pb-IF4IVXUfFg==": {"deaths": "88", "games": "44", "kills": "49", "rank": "14", "scores": "3766"}, "pb-IF5VVVMjIA==": {"deaths": "0", "games": "2", "kills": "0", "rank": "680", "scores": "2"}, "pb-IF43DGQ6": {"deaths": "3", "games": "4", "kills": "0", "rank": "522", "scores": "62"}, "pb-IF4rVG08Fw==": {"deaths": "6", "games": "3", "kills": "3", "rank": "206", "scores": "305"}, "pb-IF4PVHI8Mw==": {"deaths": "35", "games": "15", "kills": "25", "rank": "54", "scores": "971"}, "pb-IF4NUmodPw==": {"deaths": "0", "games": "1", "kills": "0", "rank": "746", "scores": "1"}, "pb-IF42M2QE": {"deaths": "18", "games": "14", "kills": "10", "rank": "240", "scores": "249"}, "pb-IF4qVBkFKg==": {"deaths": "1", "games": "1", "kills": "2", "rank": "608", "scores": "19"}, "pb-IF5dUnJeHA==": {"deaths": "0", "games": "1", "kills": "0", "rank": "590", "scores": "28"}, "pb-IF4GVGEeUg==": {"deaths": "2", "games": "5", "kills": "6", "rank": "541", "scores": "52"}, "pb-JjAtNA1TVRcVVF5GFltUUFRADUReRQBeXAMVU0hGRl5aFEVOBAFWEBc=": {"deaths": "5", "games": "3", "kills": "4", "rank": "440", "scores": "99"}, "pb-IF4pUmIsCw==": {"deaths": "8", "games": "5", "kills": "14", "rank": "160", "scores": "387"}, "pb-IF5TUmoxBg==": {"deaths": "0", "games": "2", "kills": "0", "rank": "668", "scores": "2"}, "pb-IF4pIXA6": {"deaths": "31", "games": "17", "kills": "11", "rank": "31", "scores": "1483"}, "pb-IF4cVEQHFQ==": {"deaths": "0", "games": "1", "kills": "0", "rank": "392", "scores": "121"}, "pb-IF4RUmlTDQ==": {"deaths": "0", "games": "2", "kills": "0", "rank": "498", "scores": "71"}, "pb-IF4dVVQyJA==": {"deaths": "5", "games": "6", "kills": "2", "rank": "125", "scores": "465"}, "pb-IF4PVFJfAw==": {"deaths": "0", "games": "1", "kills": "0", "rank": "699", "scores": "2"}, "pb-IF4xVUg4FA==": {"deaths": "191", "games": "182", "kills": "36", "rank": "2", "scores": "16120"}, "pb-IF4zVRQ4Vw==": {"deaths": "6", "games": "3", "kills": "8", "rank": "175", "scores": "362"}, "pb-IF4XUnomEw==": {"deaths": "14", "games": "6", "kills": "4", "rank": "198", "scores": "314"}, "pb-IF4-VGszDA==": {"deaths": "9", "games": "7", "kills": "2", "rank": "286", "scores": "200"}, "pb-IF49UnAzMg==": {"deaths": "1", "games": "1", "kills": "0", "rank": "593", "scores": "26"}, "pb-IF43VGNSFQ==": {"deaths": "0", "games": "2", "kills": "0", "rank": "821", "scores": "0"}, "pb-IF4-UmUuVg==": {"deaths": "0", "games": "1", "kills": "0", "rank": "540", "scores": "53"}, "pb-IF4KVHAEEg==": {"deaths": "0", "games": "1", "kills": "0", "rank": "735", "scores": "1"}, "pb-IF4UL24D": {"deaths": "9", "games": "7", "kills": "4", "rank": "289", "scores": "196"}, "pb-IF41VBguUg==": {"deaths": "6", "games": "3", "kills": "0", "rank": "345", "scores": "142"}, "pb-IF42VxYuUQ==": {"deaths": "14", "games": "13", "kills": "3", "rank": "134", "scores": "440"}, "pb-IF4GVG4eMw==": {"deaths": "20", "games": "12", "kills": "1", "rank": "159", "scores": "389"}, "pb-IF4tUngjAw==": {"deaths": "11", "games": "6", "kills": "0", "rank": "334", "scores": "152"}, "pb-IF4VUnYHCQ==": {"deaths": "0", "games": "1", "kills": "0", "rank": "454", "scores": "93"}, "pb-IF4PUhEDHw==": {"deaths": "0", "games": "1", "kills": "0", "rank": "444", "scores": "99"}, "pb-IF4lVRdZDQ==": {"deaths": "11", "games": "7", "kills": "11", "rank": "139", "scores": "434"}, "pb-IF4sVBYNMA==": {"deaths": "3", "games": "2", "kills": "0", "rank": "434", "scores": "102"}, "pb-IF4gVW1SBg==": {"deaths": "0", "games": "3", "kills": "0", "rank": "348", "scores": "140"}, "pb-IF4mUnYnIw==": {"deaths": "0", "games": "1", "kills": "0", "rank": "772", "scores": "0"}, "pb-IF49VWgCXA==": {"deaths": "0", "games": "2", "kills": "0", "rank": "700", "scores": "2"}, "pb-IF4nVUIkXQ==": {"deaths": "0", "games": "1", "kills": "0", "rank": "740", "scores": "1"}, "pb-IF4sV0MSMQ==": {"deaths": "8", "games": "6", "kills": "3", "rank": "352", "scores": "134"}, "pb-IF42VGksHw==": {"deaths": "19", "games": "9", "kills": "12", "rank": "89", "scores": "693"}, "pb-IF4HVEUdPQ==": {"deaths": "0", "games": "1", "kills": "0", "rank": "725", "scores": "1"}, "pb-IF4rVHItBw==": {"deaths": "0", "games": "1", "kills": "0", "rank": "786", "scores": "0"}, "pb-IF4NUncAMA==": {"deaths": "0", "games": "1", "kills": "0", "rank": "398", "scores": "121"}, "pb-IF40VUsKHA==": {"deaths": "7", "games": "10", "kills": "6", "rank": "130", "scores": "451"}, "pb-IF4JVGg_Iw==": {"deaths": "20", "games": "9", "kills": "15", "rank": "73", "scores": "790"}, "pb-IF5WVVUBEA==": {"deaths": "0", "games": "2", "kills": "0", "rank": "315", "scores": "167"}, "pb-IF4-ERES": {"deaths": "26", "games": "18", "kills": "19", "rank": "280", "scores": "204"}, "pb-IF4JVHIyHA==": {"deaths": "0", "games": "1", "kills": "0", "rank": "777", "scores": "0"}, "pb-IF4rVGMYFg==": {"deaths": "0", "games": "1", "kills": "0", "rank": "755", "scores": "0"}, "pb-IF4lVEU7UQ==": {"deaths": "16", "games": "10", "kills": "17", "rank": "49", "scores": "1028"}, "pb-IF4-VHA8Ew==": {"deaths": "0", "games": "1", "kills": "0", "rank": "792", "scores": "0"}, "pb-IF4GUnBbJw==": {"deaths": "0", "games": "1", "kills": "0", "rank": "379", "scores": "121"}, "pb-IF40VBYRUQ==": {"deaths": "0", "games": "1", "kills": "0", "rank": "909", "scores": "0"}, "pb-IF5dVUMeDA==": {"deaths": "0", "games": "1", "kills": "0", "rank": "744", "scores": "1"}, "pb-IF49UmkZ": {"deaths": "18", "games": "8", "kills": "7", "rank": "136", "scores": "439"}, "pb-IF4rVUk9MA==": {"deaths": "27", "games": "24", "kills": "30", "rank": "25", "scores": "2039"}, "pb-IF43Unc_Cw==": {"deaths": "0", "games": "2", "kills": "0", "rank": "674", "scores": "2"}, "pb-IF4PUnM7UA==": {"deaths": "6", "games": "3", "kills": "1", "rank": "269", "scores": "215"}, "pb-IF4NV04SKg==": {"deaths": "0", "games": "1", "kills": "0", "rank": "810", "scores": "0"}, "pb-IF4vVGUqUg==": {"deaths": "8", "games": "6", "kills": "4", "rank": "418", "scores": "114"}, "pb-IF40UnEIDA==": {"deaths": "23", "games": "6", "kills": "2", "rank": "115", "scores": "535"}, "pb-IF4wVG5bCA==": {"deaths": "3", "games": "2", "kills": "0", "rank": "575", "scores": "34"}, "pb-IF4RUm4fFA==": {"deaths": "0", "games": "1", "kills": "0", "rank": "715", "scores": "1"}, "pb-IF4SVEk8Ng==": {"deaths": "0", "games": "2", "kills": "0", "rank": "702", "scores": "2"}, "pb-IF5UVUk6Nw==": {"deaths": "1", "games": "4", "kills": "3", "rank": "182", "scores": "349"}, "pb-IF4FUmYaJA==": {"deaths": "0", "games": "2", "kills": "0", "rank": "704", "scores": "2"}, "pb-IF4UVGoiEw==": {"deaths": "3", "games": "2", "kills": "0", "rank": "560", "scores": "41"}, "pb-IF4QV244AA==": {"deaths": "5", "games": "3", "kills": "3", "rank": "367", "scores": "121"}, "pb-IF48VBglAw==": {"deaths": "0", "games": "1", "kills": "0", "rank": "853", "scores": "0"}, "pb-IF4nUncvNA==": {"deaths": "0", "games": "2", "kills": "1", "rank": "261", "scores": "228"}, "pb-IF4MVG8jEw==": {"deaths": "5", "games": "3", "kills": "1", "rank": "562", "scores": "40"}, "pb-IF5UUnY8FA==": {"deaths": "0", "games": "1", "kills": "0", "rank": "733", "scores": "1"}, "pb-IF4vLFkM": {"deaths": "3", "games": "2", "kills": "0", "rank": "520", "scores": "63"}, "pb-IF4OVBBTCQ==": {"deaths": "3", "games": "2", "kills": "0", "rank": "554", "scores": "46"}, "pb-IF5VUngMXQ==": {"deaths": "0", "games": "2", "kills": "0", "rank": "309", "scores": "177"}, "pb-IF5SVG4GIQ==": {"deaths": "18", "games": "10", "kills": "15", "rank": "129", "scores": "455"}, "pb-IF48Ung4Hw==": {"deaths": "6", "games": "11", "kills": "8", "rank": "35", "scores": "1242"}, "pb-IF4cVWYqBA==": {"deaths": "0", "games": "1", "kills": "0", "rank": "478", "scores": "80"}, "pb-IF5cV0EaFA==": {"deaths": "2", "games": "3", "kills": "8", "rank": "463", "scores": "86"}, "pb-JiNJARFfUkBGWFdFEE9TXFNAEUdfRlZC": {"deaths": "6", "games": "3", "kills": "4", "rank": "273", "scores": "209"}, "pb-IF5cVG8aHQ==": {"deaths": "6", "games": "8", "kills": "1", "rank": "424", "scores": "112"}, "pb-IF4MVG4OHQ==": {"deaths": "3", "games": "2", "kills": "0", "rank": "582", "scores": "32"}, "pb-IF43VBAHCA==": {"deaths": "9", "games": "34", "kills": "6", "rank": "246", "scores": "242"}, "pb-IF4hV3YsLg==": {"deaths": "0", "games": "3", "kills": "0", "rank": "860", "scores": "0"}, "pb-IF4LUnNdMA==": {"deaths": "0", "games": "1", "kills": "0", "rank": "493", "scores": "74"}, "pb-IF4uB1oK": {"deaths": "57", "games": "27", "kills": "31", "rank": "27", "scores": "1737"}, "pb-IF4MVBk6BA==": {"deaths": "25", "games": "18", "kills": "48", "rank": "55", "scores": "944"}, "pb-IF4xVGUPFg==": {"deaths": "0", "games": "2", "kills": "0", "rank": "802", "scores": "0"}, "pb-IF4oVHIkJA==": {"deaths": "2", "games": "1", "kills": "1", "rank": "612", "scores": "16"}, "pb-IF4dUnYMCg==": {"deaths": "0", "games": "1", "kills": "0", "rank": "711", "scores": "1"}, "pb-IF5cVWJaKg==": {"deaths": "4", "games": "2", "kills": "5", "rank": "327", "scores": "158"}, "pb-IF4sV0osAw==": {"deaths": "3", "games": "3", "kills": "0", "rank": "462", "scores": "87"}, "pb-JiNJARBdUktHVFtEFUVVVFNAF0FYTlJL": {"deaths": "0", "games": "1", "kills": "0", "rank": "880", "scores": "0"}, "pb-IF4OUnEuBw==": {"deaths": "0", "games": "2", "kills": "0", "rank": "536", "scores": "55"}, "pb-IF4DV2EHVg==": {"deaths": "3", "games": "4", "kills": "0", "rank": "581", "scores": "32"}, "pb-IF4TUnYCAw==": {"deaths": "4", "games": "3", "kills": "0", "rank": "365", "scores": "122"}, "pb-IF43UxUR": {"deaths": "0", "games": "1", "kills": "0", "rank": "767", "scores": "0"}, "pb-IF4gVVYEIA==": {"deaths": "5", "games": "6", "kills": "4", "rank": "137", "scores": "439"}, "pb-IF4cVGciKQ==": {"deaths": "7", "games": "4", "kills": "2", "rank": "310", "scores": "171"}, "pb-IF4qV05SCg==": {"deaths": "14", "games": "7", "kills": "10", "rank": "117", "scores": "529"}, "pb-IF4OVBQbKQ==": {"deaths": "3", "games": "2", "kills": "3", "rank": "232", "scores": "257"}, "pb-IF4JVGgzFw==": {"deaths": "3", "games": "2", "kills": "2", "rank": "410", "scores": "119"}, "pb-IF4yVBYsNA==": {"deaths": "17", "games": "12", "kills": "8", "rank": "150", "scores": "411"}, "pb-IF4cVHEeAQ==": {"deaths": "9", "games": "4", "kills": "4", "rank": "264", "scores": "219"}, "pb-IF4CVW0gHQ==": {"deaths": "0", "games": "3", "kills": "3", "rank": "168", "scores": "376"}, "pb-IF4KUnkkHA==": {"deaths": "5", "games": "2", "kills": "0", "rank": "488", "scores": "76"}, "pb-IF5VV04AAQ==": {"deaths": "0", "games": "1", "kills": "0", "rank": "874", "scores": "0"}, "pb-IF4eV2k7Jg==": {"deaths": "109", "games": "90", "kills": "46", "rank": "84", "scores": "716"}, "pb-IF4sUmUyUw==": {"deaths": "9", "games": "4", "kills": "0", "rank": "148", "scores": "415"}, "pb-IF48UmMyBg==": {"deaths": "8", "games": "8", "kills": "4", "rank": "106", "scores": "606"}, "pb-IF5cEVAk": {"deaths": "0", "games": "1", "kills": "0", "rank": "881", "scores": "0"}, "pb-IF49VRUqCQ==": {"deaths": "0", "games": "1", "kills": "0", "rank": "382", "scores": "121"}, "pb-IF4dVVkPJg==": {"deaths": "0", "games": "1", "kills": "0", "rank": "716", "scores": "1"}, "pb-IF4uV0s7Aw==": {"deaths": "10", "games": "10", "kills": "5", "rank": "47", "scores": "1063"}, "pb-IF4MVW0jEg==": {"deaths": "0", "games": "3", "kills": "0", "rank": "302", "scores": "185"}, "pb-IF5TDWsf": {"deaths": "5", "games": "3", "kills": "4", "rank": "303", "scores": "184"}, "pb-IF5UVUpfJA==": {"deaths": "1", "games": "7", "kills": "0", "rank": "561", "scores": "41"}, "pb-IF4SV2tdCg==": {"deaths": "3", "games": "3", "kills": "2", "rank": "568", "scores": "37"}, "pb-IF41VBk4Aw==": {"deaths": "5", "games": "3", "kills": "2", "rank": "420", "scores": "113"}, "pb-JiNJVxBdXEBDVVhEFkdSXFZBEkJaT1RL": {"deaths": "41", "games": "17", "kills": "14", "rank": "34", "scores": "1284"}, "pb-IF4IUnghCA==": {"deaths": "0", "games": "3", "kills": "0", "rank": "655", "scores": "3"}, "pb-IF4DUnkMFw==": {"deaths": "1", "games": "2", "kills": "0", "rank": "337", "scores": "149"}, "pb-IF4hVBMAVw==": {"deaths": "6", "games": "3", "kills": "8", "rank": "258", "scores": "229"}, "pb-IF4TVGk6VA==": {"deaths": "12", "games": "5", "kills": "5", "rank": "154", "scores": "394"}, "pb-IF4FVBAkPQ==": {"deaths": "1", "games": "4", "kills": "0", "rank": "559", "scores": "42"}, "pb-IF4OUmgoBw==": {"deaths": "0", "games": "1", "kills": "0", "rank": "707", "scores": "1"}, "pb-IF4KV1RaLQ==": {"deaths": "33", "games": "19", "kills": "23", "rank": "72", "scores": "823"}, "pb-IF5cVGdfNg==": {"deaths": "0", "games": "1", "kills": "0", "rank": "857", "scores": "0"}, "pb-IF5XUnkFBg==": {"deaths": "0", "games": "1", "kills": "0", "rank": "734", "scores": "1"}, "pb-IF4dV28YAg==": {"deaths": "3", "games": "2", "kills": "0", "rank": "519", "scores": "63"}, "pb-IF48UncbBw==": {"deaths": "9", "games": "4", "kills": "5", "rank": "133", "scores": "444"}, "pb-IF4wV0cZCw==": {"deaths": "16", "games": "7", "kills": "4", "rank": "195", "scores": "317"}, "pb-IF4qV2c6XA==": {"deaths": "0", "games": "1", "kills": "0", "rank": "900", "scores": "0"}, "pb-IF5QUkENCQ==": {"deaths": "10", "games": "6", "kills": "2", "rank": "112", "scores": "559"}, "pb-IF4XVEVeMw==": {"deaths": "0", "games": "1", "kills": "0", "rank": "726", "scores": "1"}, "pb-IF4-VGYfAQ==": {"deaths": "1", "games": "4", "kills": "0", "rank": "617", "scores": "15"}, "pb-IF4PUnotVQ==": {"deaths": "1", "games": "2", "kills": "0", "rank": "293", "scores": "192"}, "pb-JiNJARBSUkVHWlhAEkFSUFNGEERcRFFA": {"deaths": "0", "games": "1", "kills": "0", "rank": "886", "scores": "0"}, "pb-IF4PVVApCg==": {"deaths": "0", "games": "1", "kills": "0", "rank": "728", "scores": "1"}, "pb-IF5SV29YKA==": {"deaths": "0", "games": "1", "kills": "0", "rank": "830", "scores": "0"}, "pb-IF5SVGYKMw==": {"deaths": "3", "games": "3", "kills": "1", "rank": "515", "scores": "66"}, "pb-IF40V1dbUw==": {"deaths": "0", "games": "1", "kills": "0", "rank": "827", "scores": "0"}, "pb-IF4FV08dAg==": {"deaths": "9", "games": "5", "kills": "2", "rank": "359", "scores": "126"}, "pb-IF5XV1UgKg==": {"deaths": "12", "games": "6", "kills": "1", "rank": "166", "scores": "378"}, "pb-IF4SV3A9HA==": {"deaths": "0", "games": "2", "kills": "0", "rank": "663", "scores": "3"}, "pb-IF4CV1EdUA==": {"deaths": "0", "games": "6", "kills": "1", "rank": "606", "scores": "20"}, "pb-IF4BUnQxEg==": {"deaths": "0", "games": "2", "kills": "0", "rank": "678", "scores": "2"}, "pb-IF4FVHEKDA==": {"deaths": "3", "games": "2", "kills": "1", "rank": "505", "scores": "68"}, "pb-IF4eVxcYFA==": {"deaths": "0", "games": "3", "kills": "0", "rank": "696", "scores": "2"}, "pb-IF4tVHJYIw==": {"deaths": "28", "games": "16", "kills": "24", "rank": "60", "scores": "909"}, "pb-IF5RVBYdLA==": {"deaths": "3", "games": "2", "kills": "1", "rank": "477", "scores": "80"}, "pb-IF4AV0seNQ==": {"deaths": "60", "games": "38", "kills": "54", "rank": "19", "scores": "2311"}, "pb-IF4LVXkoIQ==": {"deaths": "0", "games": "1", "kills": "0", "rank": "551", "scores": "48"}, "pb-IF43V0UeUQ==": {"deaths": "0", "games": "2", "kills": "0", "rank": "901", "scores": "0"}, "pb-IF5RVGsdCw==": {"deaths": "34", "games": "16", "kills": "10", "rank": "77", "scores": "755"}, "pb-IF4PVBAKFw==": {"deaths": "6", "games": "8", "kills": "1", "rank": "510", "scores": "67"}, "pb-IF4HV1ITMQ==": {"deaths": "0", "games": "1", "kills": "0", "rank": "843", "scores": "0"}, "pb-IF4tV1QiUg==": {"deaths": "14", "games": "12", "kills": "19", "rank": "161", "scores": "386"}, "pb-IF4KLU0B": {"deaths": "1", "games": "2", "kills": "0", "rank": "627", "scores": "11"}, "pb-JiNJARFdVkdGXltCE0VQUldBEklbT1hL": {"deaths": "0", "games": "3", "kills": "2", "rank": "609", "scores": "19"}, "pb-IF4gUmJaFA==": {"deaths": "0", "games": "2", "kills": "0", "rank": "690", "scores": "2"}, "pb-IF4jUhEhDw==": {"deaths": "27", "games": "8", "kills": "15", "rank": "62", "scores": "886"}}